id,region_id,name,description,image_url
1,2,ラスベガス,夜空を焦がすネオンの光、世界最高峰のエンターテイメントが集結する「不夜城」。 豪華絢爛なカジノで一攫千金を夢見たり、一流シェフのグルメに舌鼓を打ったり。 息をのむようなシルク・ドゥ・ソレイユのショーや、有名DJの熱狂的なパフォーマンス。 ベネチアのゴンドラやパリのエッフェル塔を再現したホテル街を歩けば、世界旅行気分に。 刺激と非日常に満ちた、大人のための最高の遊び場があなたを待っています。 一晩で人生が変わるかもしれない、究極の興奮を体験してみませんか。,/images/tourist_spot/001.jpg
2,1,自由の女神,アメリカの自由と民主主義の象徴として、100年以上にわたりニューヨーク港を見守る巨大な女神像。 台座や冠の展望台からは、マンハッタンのスカイラインとハドソン川の雄大な景色を一望できます。 移民たちが新世界への希望を胸に見た、歴史的な感動を追体験。 フェリーで海風を感じながら近づく姿は、まさに映画のワンシーンのようです。 アメリカンドリームの始まりを感じさせる、威厳と希望に満ちたその姿を間近でご覧ください。 世界に誇るこのモニュメントの前で、新たな決意を胸に刻みましょう。,/images/tourist_spot/002.jpg
3,1,ハリウッド,夢を追いかける人々の街、世界の映画産業の中心地。 「ハリウッド・サイン」を背景に記念写真を撮り、スターの仲間入り気分を味わいましょう。 ハリウッド大通りでは、有名俳優たちの手形やサインが刻まれた「ウォーク・オブ・フェーム」を散策。 TCLチャイニーズ・シアターで、お気に入りのスターの足跡を見つけるのも楽しみの一つです。 映画史の栄光と、現代のエンターテイメントが交差するこの場所で、あなただけのストーリーを見つけてください。 誰もが知る“あの”場所で、きらめく才能の気配を感じましょう。,/images/tourist_spot/003.jpg
4,3,グランド・キャニオン国立公園,"地球の歴史が刻まれた、深さ1,600m、長さ450kmにも及ぶ大渓谷。 悠久の時が作り上げた壮大な景色は、人間の想像力をはるかに超える自然の芸術です。 朝焼けや夕焼けの時間帯には、刻々と色を変える岩肌が息をのむような美しさを演出。 サウスリムの展望台から見下ろす谷底、ハイキングで感じる大地の鼓動。 この圧倒的なスケールと静寂の中で、日常を忘れ、地球の雄大さに心を洗われる体験を。 あなたの人生観を変えるかもしれない、世界最高の絶景がここにあります。",/images/tourist_spot/004.jpg
5,4,メトロポリタン美術館,古代から現代まで、世界中の文明と芸術を網羅する巨大な殿堂。 エジプトの神殿や、ヨーロッパの巨匠たちの絵画、アジアの美術品など、膨大なコレクションを所蔵しています。 一日では回りきれないほどの至宝の数々が、時を超えた感動を与えてくれます。 ルーフガーデンからのマンハッタンの眺めもまた、特別なアート体験の一つです。 世界最高峰の美と歴史に触れる知的興奮を、この「The Met」で味わいましょう。 知識と感性を刺激する、ニューヨークの文化の心臓部へようこそ。,/images/tourist_spot/005.jpg
6,4,ブロードウェイ,世界中から才能が集う、演劇・ミュージカルの最高峰。 華やかな舞台セット、迫力ある歌声とダンスに、観客は瞬く間に別世界へと引き込まれます。 誰もが知る名作から最新の話題作まで、連日熱い感動を届けるショーの数々。 劇場街の賑わいや、幕間に飛び交う興奮の声も、すべてが特別な思い出になります。 人生で一度は体験したい、本場のミュージカルの圧倒的なライブパフォーマンス。 忘れられない一夜の感動と興奮を、ぜひその目で、耳で感じてください。,/images/tourist_spot/006.jpg
7,5,ホワイトハウス,アメリカ合衆国の大統領が執務をとり、家族と暮らす、世界で最も有名な公邸の一つ。 世界政治の最前線であり続けるこの場所は、歴史の重みと権威を感じさせます。 整然とした外観は、アメリカの民主主義と強さを象徴する荘厳な美しさを放っています。 広大な敷地を囲むフェンス越しに、アメリカの「今」を感じる貴重な体験を。 アメリカの歴史と政治の中心地で、その威厳に満ちた雰囲気に触れてみましょう。 一国のリーダーの決断の場所が、あなたの目の前にあります。,/images/tourist_spot/007.jpg
8,5,ワシントン記念塔,初代大統領ジョージ・ワシントンを称える、ワシントンD.C.のシンボル的なオベリスク。 街の中心にそびえ立つ純白の塔は、力強さとアメリカの独立への敬意を象徴しています。 展望台からは、ナショナルモールを中心に広がるワシントンD.C.の街並みを360度見渡せます。 リンカーン記念館やホワイトハウスなど、重要な建築物を一望できる絶好のフォトスポットです。 青空を貫くその雄大な姿は、見る者に力強い感動とインスピレーションを与えてくれます。 この街のランドマークから、アメリカの歴史と希望を見つめ直しましょう。,/images/tourist_spot/008.jpg
9,6,ウォルト・ディズニー・ワールド・リゾート,"世界最大の夢と魔法の王国。４つのテーマパークと２つのウォーターパークで構成される巨大リゾートです。 シンデレラ城やスペース・マウンテンなど、誰もが知る象徴的なアトラクションが勢揃い。 最先端の技術と心温まるストーリーテリングが融合した、究極の没入体験が待っています。 キャラクターとのグリーティングや、夜空を彩る壮大な花火ショーは感動必至。 大人も子供も、日頃の現実を忘れ、純粋な喜びと興奮に満たされる場所。 あなたの""心のスイッチ""をオフにして、最高のファンタジーの世界に飛び込みましょう。",/images/tourist_spot/009.jpg
10,6,マイアミ・ビーチ,アール・デコ調の建物が立ち並ぶ活気ある街並みと、白く輝く砂浜が魅力のリゾート地。 透き通ったターコイズブルーの海と、ヤシの木が揺れる美しい景色が非日常を演出します。 オーシャンドライブ沿いのカフェやバーでは、ラテンの音楽と熱気を感じながら食事を。 日光浴やマリンスポーツを楽しむ人々で賑わう、解放感あふれる空間です。 昼はビーチでリラックス、夜はナイトライフを満喫できる、大人のためのパラダイス。 太陽とアート、そしてエキゾチックな文化が交差する、アメリカ屈指のビーチシティへ。,/images/tourist_spot/010.jpg
11,6,キーウェスト,フロリダ半島の最南端に位置する、カリブ海のような雰囲気を持つ美しい島。 文豪ヘミングウェイが愛したこの地は、独特ののんびりとした時間が流れています。 カラフルな家並みが並ぶ旧市街を散策し、島の歴史とアートを感じましょう。 特に、毎夕開催される「サンセット・フェスティバル」で見る夕陽は感動的。 新鮮なシーフードと名物「キーライムパイ」を味わいながら、至福のひとときを。 アメリカ本土にいながら、まるで異国に来たかのような自由なスピリットを感じてください。,/images/tourist_spot/011.jpg
12,1,グリフィス天文台,ロサンゼルスの街を一望する高台に位置し、宇宙の神秘に触れられる場所。 ドーム型のプラネタリウムでは、満天の星空と迫力ある宇宙旅行を体験できます。 ここから見下ろすハリウッドサインと、輝くロサンゼルスの夜景は息をのむ美しさ。 特に夕暮れ時は、空の色が変わり、街に光が灯るドラマチックな瞬間が訪れます。 映画『ラ・ラ・ランド』の舞台としても有名で、ロマンチックな雰囲気も満点。 科学と自然の驚異、そして最高の夜景が一度に楽しめる最高のスポットです。,/images/tourist_spot/012.jpg
13,1,ユニバーサル・スタジオ・ハリウッド,映画の世界に入り込み、ハリウッドの魔法を体験できるテーマパーク。 世界的に有名な映画をテーマにした、最新技術を駆使したスリル満点のアトラクション。 特に、映画のセットや制作過程を巡る「スタジオ・ツアー」は本場ならではの醍醐味。 『ハリー・ポッター』や『スーパー・ニンテンドー・ワールド』など人気エリアも充実。 映画ファンはもちろん、誰もが楽しめるエンターテイメントが詰まっています。 スクリーンの中の興奮を、ぜひこの場所で体感してください。,/images/tourist_spot/013.jpg
14,3,セドナ,地球のエネルギーが溢れる「ボルテックス」として知られる、スピリチュアルな聖地。 赤く燃えるような岩山が織りなす景色は、訪れる人々に癒しとインスピレーションを与えます。 雄大な自然の中でハイキングやヨガを体験し、心身をリフレッシュ。 パワースポット巡りや、クリスタルショップでの特別な出会いも楽しみの一つです。 街全体が特別な力を放ち、訪れるだけで心が浄化されるような感覚に包まれます。 大地のエネルギーを感じながら、自分自身と向き合う特別な旅に出かけませんか。,/images/tourist_spot/014.jpg
15,7,ワイキキビーチ（オアフ島）,ダイヤモンドヘッドを背景に広がる、世界で最も有名なビーチの一つ。 温暖な気候と穏やかな波が、初心者から上級者まで最高のサーフィン体験を提供します。 ビーチ沿いには、高級ホテルやショッピング、グルメスポットが集結し、利便性も抜群。 ヤシの木陰でリラックスしたり、サンセットを眺めながらロマンチックなひとときを。 ハワイの開放的な雰囲気と、アロハ・スピリットを感じられる中心地です。 この楽園で、永遠に忘れられないハワイの休日を満喫してください。,/images/tourist_spot/015.jpg
16,7,ダイヤモンドヘッド（オアフ島）,ワイキキの景色を完成させる、オアフ島の象徴的なランドマークの火山。 頂上までは約1.5時間で登頂可能で、初心者でも挑戦しやすいハイキングコース。 山頂にたどり着けば、青い海とワイキキの美しい街並みが眼下に広がる絶景が待っています。 早朝の日の出に合わせて登れば、感動的な光景に出会えるでしょう。 この場所から見る景色は、あなたのハワイ旅行の最高の思い出になるはずです。 少し汗をかいた先に待つ、オアフ島随一のパノラマビューを体験してください。,/images/tourist_spot/016.jpg
17,7,ハレアカラ国立公園（マウイ島）,"標高3,055mのハレアカラ火山の山頂を中心とする、壮大な景観の国立公園。 特に、雲海に浮かぶように昇る「日の出」は、世界中から観光客が集まる感動のスペクタクル。 まるで火星のような赤い大地が広がるクレーター内をハイキングすることも可能です。 固有種の植物や、珍しいハワイの自然に出会える貴重な場所でもあります。 極寒の山頂で、宇宙の静寂と地球の雄大さを肌で感じてみませんか。 地球上のものとは思えない、神秘的な景色があなたを待っています。",/images/tourist_spot/017.jpg
18,7,キラウエア火山（ハワイ島）,世界で最も活発な火山の一つで、今もなお活動を続ける自然の驚異。 国立公園内では、溶岩台地を歩き、蒸気が噴き出すクレーターの近くまで接近可能。 黒く固まった溶岩の上を歩けば、地球のエネルギーを肌で感じることができます。 噴火活動が活発な時期には、赤く光る溶岩が海に流れ込む幻想的な光景も。 生命の誕生と破壊を同時に見せてくれる、まさに「生きている地球」を体感しましょう。 自然の圧倒的な力を前に、言葉を失う感動があなたを包み込みます。,/images/tourist_spot/018.jpg
19,8,コロッセオ,古代ローマ帝国の栄光と悲劇の歴史が刻まれた、巨大な円形闘技場。 剣闘士や猛獣たちの激しい戦いが繰り広げられた、当時の熱狂を今に伝えています。 半壊した姿が逆に、悠久の時の流れと歴史の重みを強烈に感じさせます。 夜にはライトアップされ、昼間とは違う幻想的で荘厳な姿を見せてくれます。 ローマの最も象徴的なアイコンの一つで、紀元前のロマンスに思いを馳せましょう。 人類の歴史の壮大さと残酷さが凝縮された、必見の遺跡です。,/images/tourist_spot/019.jpg
20,8,フォロ・ロマーノ,かつて古代ローマの中心地として栄えた、政治、商業、宗教の活動の中心地。 広大な敷地には、神殿やバシリカ、凱旋門などの遺跡群が広がり、当時の繁栄を偲ばせます。 石畳を歩けば、ジュリアス・シーザーやマルクス・アウレリウスが歩いた道を辿る気分に。 丘の上から見下ろす全景は、まるでタイムスリップしたかのような感動を与えます。 ローマ帝国の日常と権力が集中した、歴史好きにはたまらない場所。 文明の礎となったこの場所で、千年の時を超えた静かな感動を味わいましょう。,/images/tourist_spot/020.jpg
21,8,トレヴィの泉,バロック様式の豪華絢爛な彫刻と、湧き出る清らかな水が美しい有名な泉。 コインを投げ入れるとローマに再訪できるという伝説で知られています。 夜になるとライトアップされ、彫刻のディテールが浮かび上がり、ロマンチックな雰囲気に。 映画『ローマの休日』の舞台としても有名で、訪れる人々を魅了し続けています。 願いを込めたコインを泉に投げ入れ、またこの美しい街に戻ってくることを祈りましょう。 ローマの喧騒の中にたたずむ、夢と美しさに満ちた空間です。,/images/tourist_spot/021.jpg
22,8,パンテオン,ローマ帝国時代に建設され、ほぼ完全な形で残る古代建築の傑作。 巨大なドーム天井にある、直径約9mの円形の穴「オクルス（目）」は必見です。 このオクルスから差し込む光が、時間とともに内部を巡る様子は神秘的で荘厳。 ラファエロなどの著名人が埋葬されている場所としても知られています。 古代ローマの建築技術の高さと、信仰の力に圧倒されること間違いなし。 完璧な調和と美しさを持つ、静かで神聖な空間を体験してください。,/images/tourist_spot/022.jpg
23,8,スペイン広場,ローマのショッピングと社交の中心地として賑わう、華やかで開放的な広場。 広場から延びる「スペイン階段」は、多くの人々が憩い、景色を楽しむ有名なスポットです。 階段を上り切ると、トリニタ・デイ・モンティ教会の美しい姿が目に飛び込んできます。 周辺には高級ブランド店が立ち並び、ウィンドウショッピングも楽しめます。 映画『ローマの休日』の舞台としても有名で、ヒロイン気分でジェラートを味わいましょう。 ローマの最もエレガントで活気ある雰囲気を満喫できる場所です。,/images/tourist_spot/023.jpg
24,9,サン・ピエトロ大聖堂,カトリック教会の総本山として、世界最大級の威容を誇る壮麗な大聖堂。 ミケランジェロの傑作『ピエタ』をはじめ、人類の至宝と呼べる芸術品の数々を所蔵しています。 ベルニーニ作の豪華な天蓋（バルダッキーノ）の下で、そのスケールに圧倒されます。 クーポラ（円蓋）に登れば、バチカン市国とローマ市街のパノラマを一望できます。 信仰心を超えた、歴史と芸術が凝縮された空間で厳かな時間を過ごしませんか。 建築と美術の極致を極めたこの場所で、神聖な感動を体験してください。,/images/tourist_spot/024.jpg
25,9,バチカン美術館（システィーナ礼拝堂）,歴代ローマ教皇が集めた、膨大な美術品と工芸品のコレクションを誇る美術館。 ハイライトは、ミケランジェロの『最後の審判』が描かれたシスティーナ礼拝堂。 天井画の壮大な迫力と色彩美は、まさに人類史上最高の芸術体験の一つです。 ラファエロの間など、他にも見どころが多く、人類の英知の結晶に触れられます。 長蛇の列に並んででも見る価値のある、世界屈指の至宝の数々がここに。 神に捧げられた美の空間で、時を超えた感動に浸りましょう。,/images/tourist_spot/025.jpg
26,10,ドゥオモ,フィレンツェの街のシンボルであり、ルネサンス建築の最高傑作の一つ。 ブルネレスキが設計した巨大なクーポラ（ドーム）は、その美しさと技術に驚嘆させられます。 クーポラに登れば、ルネサンスの街フィレンツェの赤い屋根の街並みを一望できます。 ジョットの鐘楼と洗礼堂も隣接し、その壮麗な外観は圧倒的な存在感です。 ルネサンスの栄光と情熱が凝縮された、イタリアの芸術都市の心臓部。 フィレンツェの街を彩るこの大聖堂で、偉大な歴史の息吹を感じてください。,/images/tourist_spot/026.jpg
27,10,ウフィツィ美術館,ルネサンス美術の傑作を世界で最も多く収蔵する、イタリア屈指の美術館。 ボッティチェリの『ヴィーナスの誕生』や『プリマヴェーラ』など、必見の作品が目白押し。 メディチ家が収集した膨大なコレクションを通して、華麗なルネサンス文化を辿れます。 芸術に飢えた心を潤す、イタリア絵画の歴史を学ぶ最高の場所です。 美の規範となったルネサンス芸術の真髄を、この場所でじっくりと堪能しましょう。 芸術の都フィレンツェが誇る、永遠の美に出会える場所です。,/images/tourist_spot/027.jpg
28,10,ヴェッキオ橋,アルノ川に架かる、フィレンツェ最古のロマンチックな石造りの橋。 橋の両側には宝石店や貴金属店が連なり、橋自体が一つの商店街となっています。 夕暮れ時、橋の上から眺めるアルノ川とフィレンツェの街の景色は格別。 かつては精肉店が並んでいたという歴史を持つ、ユニークな景観も魅力。 恋人たちの聖地としても知られ、ロマンチックな雰囲気に包まれています。 フィレンツェの歴史と商業、そして愛の物語が詰まった橋を渡りましょう。,/images/tourist_spot/028.jpg
29,10,ミケランジェロ広場,フィレンツェ市街を一望できる、最高のパノラマビューを持つ展望広場。 赤い屋根の街並み、ドゥオモのクーポラ、ヴェッキオ橋まで全てが視界に入ります。 夕暮れ時には、街が黄金色に染まり、息をのむような絶景に包まれます。 広場中央には、ミケランジェロ作『ダビデ像』のブロンズのレプリカがたたずみます。 フィレンツェの美しさを一望したいなら、まず訪れるべき場所です。 ルネサンスの街の全景を、あなたの記憶に焼き付けてください。,/images/tourist_spot/029.jpg
30,11,サン・マルコ広場,「ヨーロッパで最も美しい広間」と称される、ベネチアの政治・宗教の中心地。 ナポレオンが世界で最も美しいと讃えた歴史的な空間です。 広場を囲むサン・マルコ寺院、ドゥカーレ宮殿、鐘楼が荘厳な雰囲気を醸し出します。 カフェで優雅にエスプレッソを飲みながら、生演奏に耳を傾ける至福の時。 時には潮が満ちて水浸しになる「アクア・アルタ」も、この街ならではの風景です。 ベネチアの歴史と優雅さが凝縮されたこの広場で、非日常を味わいましょう。,/images/tourist_spot/030.jpg
31,11,サン・マルコ寺院,聖マルコの遺骸を祀る、ビザンチン様式とゴシック様式が融合した壮麗な大寺院。 内部はきらめく金色のモザイクで覆われ、「黄金の教会」とも呼ばれます。 数多くの戦利品が飾られており、ベネチア共和国の繁栄と権力の歴史を物語ります。 ギリシャ十字型の平面プランと５つのドームが特徴的な独特な建築美。 まばゆいばかりのモザイク画は、見る者を神聖な世界へと誘います。 ベネチアが誇る、東方と西方の文化が融合した芸術の極致をご覧ください。,/images/tourist_spot/031.jpg
32,11,ドゥカーレ宮殿,かつてのベネチア共和国の総督（ドージェ）の公邸であり、政治の中心地だった宮殿。 ゴシック様式とルネサンス様式が融合した、華麗で優美な外観が特徴です。 内部には、ヴェロネーゼやティントレットなど巨匠たちの豪華なフレスコ画が飾られています。 総督の豪華な居室や、暗く重い雰囲気の牢獄「ため息の橋」も必見。 ベネチア共和国の栄華と陰の歴史を、同時に感じられる場所です。 権力の象徴として栄えた、この水上都市の歴史の中心を探訪しましょう。,/images/tourist_spot/032.jpg
33,11,リアルト橋,ベネチアの主要な水路であるカナル・グランデに架かる最も有名な橋。 アーチ型の美しい姿は、ベネチアの観光写真には欠かせないアイコンです。 橋の上からは、ゴンドラが行き交うカナル・グランデの活気ある風景を一望できます。 かつては木造でしたが、再建され現在の石造りの優美な姿となりました。 ベネチアの商業の中心として栄えた歴史を感じさせる、賑やかなスポットです。 ゴンドラが行き交う水上の絶景を、この橋の上から眺めてみましょう,/images/tourist_spot/033.jpg
34,11,ゴンドラ遊覧,ベネチアの細い水路（カナル）を、ゴンドリエーレの歌声と共に優雅に進む体験。 水上からしか見られないベネチアの街の景色は、格別の美しさです。 石造りの建物の間を縫うように進むと、まるで迷宮に入り込んだような気分に。 ロマンチックなムード満点で、特に夕暮れ時は最高の思い出になるでしょう。 ベネチアを訪れたなら、絶対に外せない水上都市ならではの特別な時間。 水の都の魅力を、ゴンドラの揺れに身を任せて堪能してください。,/images/tourist_spot/034.jpg
35,12,スカラ座,世界的に有名なオペラとバレエの公演が行われる、格式高い歌劇場。 ヴェルディ、プッチーニなど、数々の偉大な音楽家がここで名作を生み出しました。 豪華な内装と、世界最高峰の舞台芸術が織りなす空間は、訪れる価値があります。 劇場に隣接する博物館では、オペラの歴史や衣装、楽器などが展示されています。 イタリアの芸術文化、特にオペラの魂を感じられる聖地です。 華麗なミラノの夜を、一流のオペラ鑑賞で彩ってみませんか。,/images/tourist_spot/035.jpg
36,12,ドゥオーモ,"ミラノのシンボルであり、世界最大級のゴシック建築の壮麗な大聖堂。 約135本の尖塔と、約3,400体の彫刻が飾られた外観は息をのむ美しさです。 屋上に登れば、無数の尖塔を間近に見ながらミラノ市街を一望できます。 ステンドグラスが美しい堂内は、静かで厳かな空気に満ちています。 500年以上の歳月をかけて完成した、イタリア・ゴシックの傑作。 ファッションの都ミラノの中心で、その歴史と建築美に触れてください。",/images/tourist_spot/036.jpg
37,12,最後の晩餐,レオナルド・ダ・ヴィンチがサンタ・マリア・デッレ・グラツィエ教会に描いた壁画の傑作。 イエス・キリストが弟子たちと食卓を囲む、劇的な瞬間を見事に捉えています。 保存状態の維持のため、鑑賞は完全予約制で人数制限があるため、非常に貴重。 限られた時間の中で、この大作が放つ迫力と構成の妙をじっくりと堪能できます。 ルネサンスの巨匠が残した、人類の芸術的遺産をその目で見るチャンス。 世界で最も有名な絵画の一つとの、貴重な対面を果たしましょう。,/images/tourist_spot/037.jpg
38,12,ガッレリア,鉄骨とガラスのドームが美しい、ヨーロッパ最古のショッピングアーケード。 プラダやルイ・ヴィトンなど、高級ブランド店や歴史あるカフェが並びます。 優雅な空間は「ミラノの応接間」とも呼ばれ、街の人々の憩いの場でもあります。 床に描かれた牡牛のモザイクの上で一回転すると幸運が訪れるという伝説も。 ミラノのファッションと文化、そして歴史を感じられる華やかな場所。 優雅な空間でショッピングやカフェを楽しみ、ミラノのエッセンスを味わいましょう。,/images/tourist_spot/038.jpg
39,13,ポンペイ遺跡,紀元79年のベスビオ火山噴火により一瞬で埋没した、古代都市の遺跡。 当時の街並み、住居、公共浴場などがほぼ完璧な形で保存されています。 壁画やモザイク画が残る富裕層の家や、生々しい石膏像が生前の生活を伝えます。 2000年前のローマ人の暮らしぶりを、まるで昨日のできごとのように感じられます。 古代ローマの歴史にタイムスリップできる、世界的に貴重な考古学の現場。 歴史の重みと、自然の力の恐ろしさを体感できる場所です。,/images/tourist_spot/039.jpg
40,13,ベスビオ火山,ポンペイなど古代都市を飲み込んだ、今も活動を続けるイタリア本土唯一の活火山。 山頂の火口付近まで登ることができ、地球のエネルギーを感じられます。 山頂からの眺めは、ナポリ湾と遠くの街並みを見渡す絶景です。 豊かな土壌から生まれるワインなど、火山の恵みを感じることもできます。 大地の力強さと、自然の脅威を肌で感じられる貴重な体験。 イタリアの歴史と自然を語る上で欠かせない、象徴的な存在です。,/images/tourist_spot/040.jpg
41,13,サン・セヴェーロ礼拝堂,世界一美しい大理石彫刻と称される『ヴェールを被ったキリスト』が展示される礼拝堂。 布の透け感まで表現された、驚異的な写実性と技術を持つ彫刻に圧倒されます。 ナポリの貴族の遺言で、細部にまでこだわって作られた秘密めいた空間。 礼拝堂全体が、芸術と謎めいた哲学に満ちた特別な雰囲気を持っています。 写真撮影禁止のため、その感動は訪れた人だけの特権となります。 ナポリの隠れた至宝、息をのむような芸術体験を求めるならぜひ。,/images/tourist_spot/041.jpg
42,13,国立考古学博物館,ポンペイやヘルクラネウムなどの遺跡から発掘された、古代ローマの至宝を収蔵。 フレスコ画、モザイク画、彫刻など、貴重な美術品が豊富に展示されています。 特に、ポンペイの日常を伝える展示品の数々は非常に興味深いもの。 古代ギリシャ・ローマ美術の最高傑作を鑑賞できる、世界的に重要な博物館です。 この場所を訪れれば、ポンペイ遺跡をより深く理解することができます。 地中海文明の歴史と芸術が凝縮された、知的好奇心を刺激する場所です。,/images/tourist_spot/042.jpg
43,14,青の洞窟,太陽光が洞窟の奥から差し込み、水面が神秘的な青い光を放つ絶景の洞窟。 小舟に乗って狭い入り口をくぐり抜ける瞬間は、まるで別世界への入り口のようです。 船頭さんの歌声が響く中、水面が輝く様子は、言葉にできない美しさ。 天候や波の状況によって入洞できないため、限られた幸運な人だけが出会える光景。 カプリ島の自然が作り出した、幻想的な光のショーを体験しませんか。 世界中を魅了する、神秘的な青の輝きをその目で確かめてください。,/images/tourist_spot/043.jpg
44,14,モンテ・ソラーロ,カプリ島で最も高い山で、島全体とナポリ湾を一望できる最高の展望台。 一人乗り用のリフト（セッジョーヴィア）に乗って、空を飛ぶような優雅な山頂へ。 山頂からは、カプリ島、ナポリ湾、ベスビオ火山までのパノラマビューが楽しめます。 島の美しい自然と、地中海の青さを心ゆくまで満喫できる場所です。 喧騒を離れ、静寂の中で壮大な景色を楽しむ至福のひととき。 カプリ島の美しさを上空から体験したいなら、ぜひ訪れるべき場所です。,/images/tourist_spot/044.jpg
45,14,アウグスト庭園,カプリ島の中心部にある、美しい花々が咲き誇る絶景の庭園。 庭園からは、海に突き出た有名な奇岩「ファラリオーニ」の絶景が見渡せます。 崖に沿って曲がりくねる「ヴィア・クルップ」の道もここから一望できます。 庭園の散策路からは、青い海と空、そして岩のコントラストが美しい景色が楽しめます。 手入れの行き届いた庭園で、地中海のリゾート気分を味わいましょう。 カプリ島の自然美と、手入れされた景観が調和したロマンチックな場所です。,/images/tourist_spot/045.jpg
46,15,ポジターノ,崖にへばりつくようにカラフルな家々が建ち並ぶ、アマルフィ海岸屈指の景勝地。 息をのむような美しい景観は、多くの映画や写真の舞台となっています。 迷路のような細い路地を散策し、ブティックやカフェを巡るのが楽しい場所。 地中海の青い海と、斜面に連なる街並みのコントラストは感動的。 イタリアの「美しい村」の代表格で、優雅なリゾート気分を満喫できます。 夢のように美しい街で、地中海の輝きに包まれる特別な時間をどうぞ。,/images/tourist_spot/046.jpg
47,15,アマルフィ大聖堂,アマルフィ共和国の栄華を象徴する、華麗なロマネスク様式の大聖堂。 鮮やかな黄土色のファサードと、エキゾチックなモザイクの装飾が目を引きます。 聖アンドレアの遺骸が安置されている場所としても知られています。 長くて急な階段を上って訪れるその姿は、街のシンボルとして圧倒的な存在感。 かつて海洋都市国家として栄えたアマルフィの歴史を感じられる場所です。 アマルフィ海岸の美しい景色と共に、歴史的な建築美を堪能しましょう。,/images/tourist_spot/047.jpg
48,15,ラヴェッロ,アマルフィ海岸を見下ろす高台に位置する、静かで美しい天空の村。 喧騒を離れた落ち着いた雰囲気と、息をのむような絶景が魅力です。 特に、ヴィラ・ルーフォロやヴィラ・チンブローネからの眺めは天下一品。 ワーグナーなど多くの芸術家に愛された、ロマンチックな場所としても有名です。 テラスから見下ろす紺碧の地中海は、まるで絵画のような美しさ。 アマルフィ海岸の優雅なリゾート気分を、静かに堪能したい方におすすめです。,/images/tourist_spot/048.jpg
49,16,エトナ山,ヨーロッパ最大の活火山であり、今もなお活動を続ける自然の驚異。 標高が高く、年間を通じて雪を抱く姿は、南国のシチリアで異彩を放ちます。 ツアーに参加して火口付近まで登れば、地球の息吹を間近に感じられます。 火山活動によって形成された独特の景観や、肥沃な土地が育むブドウ畑も魅力。 その壮大さと、時折噴煙を上げる姿は、訪れる者に畏敬の念を抱かせます。 シチリアの大自然の力を体感できる、忘れられない体験を。,/images/tourist_spot/049.jpg
50,16,タオルミーナのギリシャ劇場,イオニア海を見下ろす高台に位置する、古代ギリシャ・ローマ時代の劇場跡。 劇場の石段の向こうには、青い海とエトナ山の雄大な姿が広がる絶景。 世界で最も美しい景色を持つ劇場として、今もなお人々を魅了し続けています。 夏にはコンサートやオペラが開催され、歴史的な舞台で現代の芸術に触れられます。 古代の歴史とシチリアの自然美が融合した、感動的な場所。 この絶景の劇場で、古代人の感性と自然の雄大さに思いを馳せましょう。,/images/tourist_spot/050.jpg
51,16,パレルモ大聖堂,シチリアの歴史を物語る、様々な様式が混在する壮麗な大聖堂。 イスラム、ノルマン、ゴシック、バロックなど、複数の文化の影響が見られます。 金のモザイクが美しい内部や、屋上からのパレルモ市街の眺めも魅力。 シチリア島の支配者が変わるたびに改築された、複雑な歴史の証人です。 多様な文化が交差したシチリアの歴史を、建築を通して感じられます。 パレルモの街の中心で、異文化が融合した独自の美しさを発見してください。,/images/tourist_spot/051.jpg
52,16,神殿の谷（アグリジェント）,地中海を見下ろす丘の上に、古代ギリシャの神殿が立ち並ぶ壮大な遺跡群。 ドーリア式神殿の壮麗な姿が、当時のマグナ・グラエキアの繁栄を伝えます。 特にコンコルディア神殿は保存状態が良く、美しい姿を今に伝えています。 夕暮れ時、黄金色に染まる神殿の姿は、まるで神話の世界のような幻想的な光景。 地中海文明の歴史と、シチリアの雄大な自然を同時に感じられます。 古代ギリシャの栄光が残るこの場所で、歴史のロマンに浸りましょう。,/images/tourist_spot/052.jpg
53,17,5つの村,険しい海岸線にカラフルな家々がへばりつくように建つ、世界遺産の絶景。 モンテロッソ、ヴェルナッツァ、コルニーリア、マナローラ、リオマッジョーレの五つの村。 村々を結ぶハイキングコースからの眺めは、息をのむほどの美しさです。 素朴で静かな村々の生活と、地中海の自然が織りなす癒しの空間。 車が入れないため、ハイキングや鉄道、船で巡る特別な旅が楽しめます。 イタリアで最も美しい海岸線の風景を、五感をフルに使って満喫してください。,/images/tourist_spot/053.jpg
54,17,愛の小道,チンクエテッレのリオマッジョーレとマナローラを結ぶ、海沿いの遊歩道。 名前の通りロマンチックな雰囲気で、恋人たちが愛を語り合った場所として知られます。 道の途中には愛の南京錠が掛けられたフェンスなどがあり、写真スポットになっています。 海沿いの断崖絶壁を歩くコースからの眺めは、絶景の一言。 残念ながら現在は閉鎖区間がありますが、再開が待たれるロマンの道です。 地中海の青い海と空の下、愛の物語を感じながら散策を楽しみましょう。,/images/tourist_spot/054.jpg
55,18,エッフェル塔,パリの象徴であり、世界のランドマークとして愛され続ける鉄骨の塔。 展望台からは、パリの美しい街並みとセーヌ川のパノラマを一望できます。 夜にはライトアップされ、毎正時のシャンパンフラッシュは感動的な美しさ。 エレガントな鉄骨の構造は、建設当初の批判を乗り越え、今や芸術品となりました。 昼間だけでなく、夜のロマンチックな姿も必見です。 パリで最も高い場所から、愛の都の輝きを心ゆくまで眺めましょう。,/images/tourist_spot/055.jpg
56,18,ルーヴル美術館,世界最大級の美術館であり、人類の芸術的遺産が詰まった宝庫。 レオナルド・ダ・ヴィンチの『モナ・リザ』や『ミロのヴィーナス』など、名作がずらり。 かつては王宮だった建物自体が芸術品であり、その広大さに圧倒されます。 ガラスのピラミッドから入る瞬間から、芸術の旅が始まります。 一日では回りきれないほどの至宝の数々に、感性を刺激されること間違いなし。 芸術の都パリが誇る、世界最高の美の殿堂へ。,/images/tourist_spot/056.jpg
57,18,凱旋門,ナポレオンがフランス軍の勝利を記念して建設させた、パリを象徴する巨大な門。 シャンゼリゼ通りの起点に堂々とそびえ立ち、その迫力に圧倒されます。 屋上展望台からは、放射状に広がるパリの街路を一望できます。 特に、シャンゼリゼ通りを見下ろす景観は格別で、パリの華やかさを感じられます。 夜にはライトアップされ、その威厳ある姿はより一層荘厳な雰囲気に。 パリの歴史と栄光を感じられる、シャンゼリゼのシンボルを訪れましょう。,/images/tourist_spot/057.jpg
58,18,ノートルダム大聖堂,セーヌ川のシテ島に建つ、フランス・ゴシック建築の最高傑作の一つ。 荘厳なファサードと、精巧なステンドグラスが、訪れる者を圧倒します。 火災からの復興作業が進められており、その姿はフランスの精神的な象徴です。 ヴィクトル・ユーゴーの小説の舞台としても有名で、歴史と文学のロマンを感じさせます。 再建後の美しい姿を待ち望みながら、その歴史的な重みに思いを馳せて。 パリの心臓部で、中世からの歴史を見つめる大聖堂の姿に感動しましょう。,/images/tourist_spot/058.jpg
59,18,シャンゼリゼ通り,凱旋門とコンコルド広場を結ぶ、世界で最も有名な美しい大通り。 高級ブティック、カフェ、劇場が並び、パリの華やかさを象徴する場所です。 「世界で最も美しい通り」と呼ばれ、散策するだけで気分が高揚します。 カフェのテラス席で道行く人々を眺めるのも、パリならではの楽しみ方。 クリスマスシーズンのイルミネーションは特に幻想的でロマンチックです。 パリの華やかさとエレガンスが凝縮された、この通りを闊歩しましょう。,/images/tourist_spot/059.jpg
60,19,モン・サン・ミッシェル修道院,海に浮かぶようにそびえ立つ、幻想的な世界遺産の修道院。 潮の満ち引きによって、陸地から孤立する姿は「西洋の驚異」と呼ばれます。 中世に建てられたロマネスク様式とゴシック様式の建築美に圧倒されます。 修道院の内部や屋上からは、広大な湾の美しい景色を一望できます。 特に朝焼けや夕暮れ時、夜のライトアップされた姿は息をのむ美しさ。 フランスの歴史と信仰、そして自然が融合した奇跡の場所を体験してください。,/images/tourist_spot/060.jpg
61,20,プロムナード・デ・ザングレ,地中海のリゾート地ニースの象徴、青く輝く海沿いの有名な遊歩道。 ヤシの木が並び、美しいビーチと紺碧の海を眺めながら散策を楽しめます。 高級ホテルやカジノが建ち並び、優雅で華やかな雰囲気に満ちています。 日光浴やジョギング、サイクリングを楽しむ人々で賑わう、開放的な空間。 夕暮れ時、空がオレンジ色に染まる光景は、格別の美しさです。 コート・ダジュールの優雅なバカンス気分を味わいましょう。,/images/tourist_spot/061.jpg
62,20,旧市街,ニースの歴史と活気が詰まった、迷路のような細い路地が魅力の地区。 カラフルな建物が並び、地元の食材や花が並ぶ市場が賑わいを見せます。 地元の料理を提供するレストランや、おしゃれなブティックが点在。 イタリア文化の影響を強く受けた、ニース独自の雰囲気を楽しめます。 ニース城跡へのアクセスも良く、歴史散策の拠点としても最適です。 迷い込むほどに楽しい、南仏の太陽と色に溢れた魅力的な空間です。,/images/tourist_spot/062.jpg
63,20,マセナ広場,ニースの中心にある、華やかで開放的な空間を持つ広場。 赤い建物と、白と黒の市松模様の石畳が特徴的な美しいデザインです。 広場には芸術的な彫刻や噴水が配され、市民や観光客の憩いの場となっています。 トラムが行き交い、ショッピング街へのアクセスも抜群の便利なロケーション。 ニースの活気と芸術的な雰囲気を肌で感じられる中心地です。 南仏の明るい日差しのもと、ゆったりとした時間を過ごしましょう。,/images/tourist_spot/063.jpg
64,20,ニース城跡,かつてニースを見下ろしていた城の跡地で、今は最高の展望台となっています。 眼下には、プロムナード・デ・ザングレと旧市街の美しい街並みが広がります。 特に、旧市街と地中海、港を一望するパノラマは息をのむ絶景です。 エレベーターまたは階段でアクセスでき、美しい滝や公園もあります。 ニースの街全体を写真に収めたいなら、必ず訪れるべき場所です。 コート・ダジュールの美しさを上から堪能する特等席へどうぞ。,/images/tourist_spot/064.jpg
65,21,フルヴィエールの丘,リヨンの街を見下ろす高台に位置し、旧市街を一望できる絶景スポット。 丘の上には、美しい白亜のノートルダム・ド・フルヴィエール大聖堂が建ちます。 古代ローマ時代の劇場跡など、リヨンの歴史を感じる遺跡も点在。 昼間の壮大なパノラマはもちろん、夜景もロマンチックで有名です。 リヨンの街の歴史と、ローヌ川・ソーヌ川が流れる雄大な風景を堪能できます。 フランス屈指の美食の街を上から見つめ、その魅力を再発見しましょう。,/images/tourist_spot/065.jpg
66,21,リヨン旧市街,ソーヌ川沿いに広がる、ルネサンス建築が残る美しい中世の街並み。 ユネスコ世界遺産に登録されており、石畳の路地を散策するのが楽しい場所です。 「トラブール」と呼ばれる抜け道を通ると、建物の裏庭や中庭に迷い込めます。 リヨンの伝統的なビストロ「ブション」で、美食の真髄を味わいましょう。 歴史的な雰囲気の中で、リヨンの美食と文化をじっくりと楽しんでください。 フランスの歴史と美食が詰まった、魅力的な散策エリアです。,/images/tourist_spot/066.jpg
67,21,壁画,リヨンには街の歴史や文化を題材とした、巨大な「トロンプルイユ（だまし絵）」の壁画が点在。 まるで本物の建物や人物がそこにいるかのような、緻密な描写に驚かされます。 特に「カニュの壁」や「リヨン人たちの壁」は必見で、街の歴史を物語っています。 街歩きの途中で突如現れるアートに、思わず立ち止まってしまうでしょう。 街全体が巨大な美術館のような、リヨンならではのユニークなアート体験。 リヨンの創造性とユーモアを感じられる、面白い観光スポットです。,/images/tourist_spot/067.jpg
68,22,シャンボール城,フランソワ1世の夢が詰まった、ルネサンス様式の壮麗で巨大な城。 レオナルド・ダ・ヴィンチの設計が関わったとされる「二重螺旋階段」は必見です。 広大な敷地と、その圧倒的なスケールは「フランスの至宝」とも呼ばれます。 城の周囲の森はかつて狩猟場として使われ、自然との調和も魅力です。 フランス王家の華やかな歴史と、ルネサンス芸術の頂点を体感できます。 ロワール地方で最も壮大でドラマチックな城を訪れましょう。,/images/tourist_spot/068.jpg
69,22,シュノンソー城,シェール川に優雅にまたがる姿が「水上の貴婦人」と呼ばれる美しい城。 カトリーヌ・ド・メディシスやディアーヌ・ド・ポワチエなど、歴史上の女性たちが愛しました。 城内には、彼女たちの個性と美意識が反映された豪華な装飾が残ります。 優美な庭園も美しく、ロマンチックで物語性に満ちた雰囲気を持っています。 女性の愛憎が渦巻いた歴史を感じる、ロワールで最もロマンチックな城。 優雅な姿と歴史の物語に心を奪われること間違いなしです。,/images/tourist_spot/069.jpg
70,22,シェヴェルニー城,白く均整の取れた美しい姿が特徴の、貴族の居城として愛されてきた城。 漫画『タンタンの冒険』に登場するムーランサール城のモデルとしても有名です。 城内の豪華な内装は保存状態が良く、当時の生活を垣間見ることができます。 広大な敷地内には、犬舎やボート遊びができる運河など、見どころが豊富。 ロワール地方で唯一、今も城主が暮らす生活感のある城としても知られています。 気品あふれる美しい姿と、アットホームな雰囲気を併せ持つ城です。,/images/tourist_spot/070.jpg
71,23,ハノイ旧市街,「36通り」と呼ばれる、活気あふれる迷路のような古都の商業地区。 通りごとに扱う商品が異なり、ベトナムの伝統的な生活文化が息づいています。 バイクや屋台がひしめき合い、エネルギッシュで独特な雰囲気が魅力。 安くて美味しいベトナム料理の屋台や、カフェで休憩するのも楽しい場所。 ハノイの伝統と日常が凝縮された、歩くだけで楽しい空間です。 ベトナムの喧騒と活気を肌で感じ、アジアのエネルギーをチャージしましょう。,/images/tourist_spot/071.jpg
72,23,ホー・チ・ミン廟,ベトナム建国の父、ホー・チ・ミン主席の遺体が永久保存されている場所。 社会主義国家の厳粛な雰囲気が漂い、愛国心と歴史の重みを感じさせます。 衛兵交代式は必見で、その厳格な儀式は見る者を惹きつけます。 服装には規定があり、肌の露出を控えるなど敬意が必要です。 ベトナムの歴史における最重要人物に敬意を払う場所です。 厳粛な雰囲気の中で、ベトナムの近現代史を深く感じてください。,/images/tourist_spot/072.jpg
73,23,ハノイ大教会,ハノイ旧市街に突如現れる、壮麗なネオ・ゴシック様式の大聖堂。 フランス植民地時代の面影を残し、異文化が交差するハノイを象徴しています。 内部のステンドグラスや装飾も美しく、静かで厳かな空間が広がります。 教会の前は市民の憩いの場となっており、カフェで休憩するのもおすすめ。 アジアの活気ある街並みの中で、ヨーロッパの歴史を感じられる場所です。 ハノイの賑わいの中の静寂、そのコントラストを楽しみましょう。,/images/tourist_spot/073.jpg
74,23,ホアンキエム湖,ハノイ旧市街の中心に位置する、市民の憩いの場となっている美しい湖。 湖面に浮かぶ玉山祠と、その神秘的な伝説が街のシンボルです。 早朝には太極拳をする人々が集まり、夕方は散歩を楽しむ人でにぎわいます。 週末は周辺が歩行者天国になり、さらに賑やかな雰囲気に包まれます。 ハノイの歴史と人々の生活を静かに見守る、オアシスのような存在。 湖畔を散策し、ハノイの穏やかで美しい日常を感じてください。,/images/tourist_spot/074.jpg
75,24,ミーケービーチ,長く白い砂浜と、透き通った青い海が魅力の、ベトナムを代表するビーチ。 ビーチ沿いにはリゾートホテルやシーフードレストランが立ち並びます。 穏やかな波はマリンスポーツに最適で、日光浴や海水浴を楽しめます。 かつては戦争の歴史もある場所ですが、今は平和なリゾートとして人気。 新鮮なシーフードを味わいながら、ベトナムの美しい海を満喫しましょう。 解放感あふれる空間で、心ゆくまでリラックスしてください。,/images/tourist_spot/075.jpg
76,24,五行山,大理石でできた５つの連山からなり、石灰岩の洞窟と仏教寺院が点在。 山頂からの眺めは、ダナンの街とミーケービーチを一望する絶景です。 洞窟内には仏像が祀られ、神秘的で厳かな雰囲気に包まれています。 エレベーターまたは階段で登頂でき、気軽にトレッキングを楽しめます。 自然の造形美と、人々の信仰が融合したベトナムのパワースポット。 山頂からのパノラマと、神秘的な洞窟探検を楽しみましょう。,/images/tourist_spot/076.jpg
77,24,ロン橋,ハン川に架かる、巨大な龍の形をしたユニークなデザインの橋。 週末の夜には、この龍の口から火や水が噴き出すショーが開催されます。 夜になるとカラフルにライトアップされ、ダナンの街の夜景を彩ります。 ダナンの新しいシンボルとして、街の発展を象徴しています。 火を噴く龍のショーは迫力満点で、必ず訪れるべきエンターテイメント。 ダナンの活気と遊び心が感じられる、ユニークな観光スポットです。,/images/tourist_spot/077.jpg
78,24,バナヒルズ,"標高1,500mの山頂に広がる、フランス風のテーマパーク。 世界最長のケーブルカーに乗って、山頂までの絶景の空中散歩を体験。 巨大な手の彫刻が橋を支える「ゴールデンブリッジ」はSNSで大人気。 涼しい気候と、ヨーロッパの古城のような建築が非日常を演出します。 ダナンの海辺の暑さを忘れ、山の上でファンタジーの世界を満喫。 ベトナムの自然とヨーロッパの文化が融合した、ユニークな場所です。",/images/tourist_spot/078.jpg
79,25,ホイアン旧市街,17世紀の国際貿易港の面影を残す、美しい古都の街並み。 黄色い壁の建物と、色鮮やかなランタンが織りなす幻想的な景観が魅力です。 夜になるとランタンが一斉に灯り、ノスタルジックな雰囲気に包まれます。 洋服のオーダーメイドや、工芸品のショッピングも楽しめます。 世界中を旅した商人が残した、歴史と文化が凝縮された空間です。 ランタンの光の下、古都のロマンチックな雰囲気に浸りましょう。,/images/tourist_spot/079.jpg
80,25,日本橋,17世紀に日本人商人によって架けられたとされる、ホイアンの象徴的な橋。 屋根付きのユニークな構造が特徴で、ベトナムと日本の交流の歴史を物語ります。 橋のたもとには、猿と犬の像が配され、干支にまつわる伝説があります。 ホイアン旧市街の中でも特に人気の高い、歴史的なランドマークです。 異国情緒あふれる街並みに溶け込む、日本文化の足跡を見つけましょう。 静かな水辺にたたずむ、歴史のロマンを感じる場所です。,/images/tourist_spot/080.jpg
81,25,ランタン,ホイアンの街を彩る、シルクや竹で作られた色鮮やかな提灯。 昼間は街の至るところで売られ、夜には一斉に灯されて街を幻想的に照らします。 毎月旧暦14日の満月には「ランタン祭り」が開催され、一層華やかに。 色とりどりの光が水面に映る様子は、まさに写真映えする絶景です。 ホイアンの夜をロマンチックに演出する、街の魂とも言える存在。 ランタンの優しい光の下で、夢のようなひとときを過ごしましょう。,/images/tourist_spot/081.jpg
82,26,サイゴン大教会,ホーチミン市の中心に建つ、フランス植民地時代に建てられた赤レンガの教会。 すべての建材がフランスから運ばれたという、歴史的な背景を持っています。 教会前には「平和の聖母像」が立ち、市民の信仰の象徴となっています。 ホーチミンの街の喧騒の中の静寂を感じられる場所です。 フランスの影響とベトナムの歴史が交差する、象徴的な建築物。 植民地時代の面影を探しながら、その美しい姿を眺めてみましょう。,/images/tourist_spot/082.jpg
83,26,中央郵便局,エッフェル塔の設計者、エッフェルが手掛けたとも言われる美しい建築物。 黄色い外観と、アーチ状の天井が特徴的な、壮麗なフレンチ・コロニアル様式。 現在も郵便局として現役で使われており、お土産に手紙を送るのもおすすめ。 内部には古地図やホー・チ・ミン主席の肖像画が飾られ、歴史を感じさせます。 優雅な空間で、ベトナムとフランスの歴史が交差する雰囲気を味わえます。 ホーチミンの街の喧騒を忘れさせる、レトロで美しい公共建築です。,/images/tourist_spot/083.jpg
84,26,統一会堂,ベトナム戦争の終結の舞台となった、歴史的に重要な建物。 旧南ベトナムの大統領官邸として使われていた、モダンな建築が特徴です。 内部には当時の大統領執務室や会議室などがそのまま保存されています。 地下には作戦指令室があり、緊迫した戦争の雰囲気を追体験できます。 ベトナムの激動の近現代史を学ぶ上で欠かせない場所。 戦争の記憶と平和への願いが詰まった、歴史的な空間を訪れましょう。,/images/tourist_spot/084.jpg
85,26,クチトンネル,ベトナム戦争中にベトコンが使用した、地下に張り巡らされた巨大なトンネル網。 医療室、会議室、台所など、当時の生活の様子を垣間見ることができます。 実際にトンネルの一部を潜り抜ける体験は、戦争の過酷さを物語ります。 罠や武器など、当時の工夫と知恵を感じられる展示も興味深い。 ベトナムの抵抗の歴史と、人々の不屈の精神を学ぶ場所です。 歴史的な現場で、戦争のリアルを体験してみませんか。,/images/tourist_spot/085.jpg
86,26,ベンタイン市場,ホーチミン市の中心に位置する、活気あふれる巨大な市場。 食料品から衣料品、お土産まで、あらゆるものが手に入るカオスな空間。 市場の周囲には屋台が並び、安くて美味しいベトナム料理を楽しめます。 ベトナムの日常生活と、商売のエネルギーを肌で感じられます。 交渉しながら買い物をするのも、市場ならではの醍醐味です。 ホーチミンの「今」の活気を体感できる、エキサイティングな場所です。,/images/tourist_spot/086.jpg
87,27,ユングフラウヨッホ,"「ヨーロッパの頂上」と呼ばれる、標高3,454mにある展望台。 ヨーロッパで最も標所に高い鉄道駅があり、氷河の絶景が目の前に広がります。 スフィンクス展望台や氷の宮殿など、雪と氷の世界を楽しめます。 世界自然遺産の雄大なアレッチ氷河を眼下に眺める、感動的な体験。 夏でも雪が積もる場所で、アルプスの壮大な自然の力を感じましょう。 一生に一度は訪れたい、スイスアルプスの最高峰の絶景です。",/images/tourist_spot/087.jpg
88,27,クライネ・シャイデック,アイガー、メンヒ、ユングフラウの三名山を望む、絶景の峠。 ユングフラウヨッホへの登山鉄道が発着する、アルプスの拠点駅。 目の前に迫るアイガー北壁の雄大さは、見る者を圧倒します。 のんびりとハイキングを楽しんだり、山岳リゾートの雰囲気を味わえます。 スイスアルプスの最も有名な山々の迫力を間近で感じられる場所。 絵画のような景色の中で、心ゆくまでアルプスの自然を堪能してください。,/images/tourist_spot/088.jpg
89,27,インターラーケン,トゥーン湖とブリエンツ湖に挟まれた、ユングフラウ観光の玄関口。 ユングフラウ地方へのアクセスが良く、アクティビティの中心地でもあります。 パラグライダーやバンジージャンプなど、エキサイティングな体験が充実。 街からはアイガーなどの山々を望むことができ、リゾート感あふれる雰囲気。 美しい自然とスリル満点のアクティビティを楽しめる街です。 スイスアルプスの旅の拠点として、活気あふれる街に滞在しましょう。,/images/tourist_spot/089.jpg
90,28,バーンホフ通り,チューリッヒ中央駅からチューリッヒ湖まで続く、世界屈指の高級ショッピングストリート。 高級ブランド店や宝石店、時計店が軒を連ねる、エレガントな通りです。 路面電車が通り、ヨーロッパらしい落ち着いた雰囲気を持っています。 スイスの高品質な製品と、洗練された都会の雰囲気を味わえる場所。 買い物だけでなく、美しい街並みを散策するだけでも楽しめます。 世界的な金融都市チューリッヒのエレガンスを感じてみましょう。,/images/tourist_spot/090.jpg
91,28,グロスミュンスター大聖堂,チューリッヒのシンボルであり、双塔が特徴的なロマネスク様式の大聖堂。 スイスの宗教改革の中心地となった、歴史的に重要な教会です。 塔に登れば、チューリッヒ市街とリマト川の美しい景色を一望できます。 シャガールやジャコメッティによるステンドグラスも必見。 チューリッヒの街の歴史と、その文化的な深さを感じられる場所です。 荘厳な建築の中で、スイスの歴史に思いを馳せましょう。,/images/tourist_spot/091.jpg
92,28,フラウミュンスター,リマト川沿いに建つ、かつて修道院だった美しい教会。 特に、マルク・シャガールがデザインした五枚のステンドグラスが有名です。 光によって色彩が変化するシャガールの絵画は、幻想的な美しさ。 ゴシック様式の建築と、近代芸術が融合した独特な空間を持っています。 チューリッヒ湖から流れ出るリマト川沿いの、静かで美しいスポット。 シャガールのアートの光に包まれる、感動的な体験をどうぞ。,/images/tourist_spot/092.jpg
93,28,チューリッヒ湖,チューリッヒ市の南東に広がる、雄大で美しい湖。 湖畔は公園や遊歩道として整備され、市民の憩いの場となっています。 遊覧船に乗って、湖上からのチューリッヒの街並みとアルプスの眺めを楽しむのもおすすめ。 夏には湖水浴を楽しむ人々で賑わい、リゾートのような雰囲気になります。 都会の喧騒を忘れさせてくれる、癒やしと安らぎの空間。 スイスの大自然と都会の調和を感じられる場所です。,/images/tourist_spot/093.jpg
94,29,カペル橋,ルツェルン湖から流れ出るロイス川に架かる、ヨーロッパ最古の木造の橋。 屋根の下には、ルツェルンの歴史を描いた三角の板絵が並んでいます。 中世の趣を残す美しい橋は、ルツェルンの街の象徴となっています。 花で飾られた欄干と、背後のイエズス教会とのコントラストが美しい。 火災からの復旧を経て、市民に愛され続ける歴史的なランドマークです。 水面に映る美しい姿を眺めながら、ルツェルンの歴史を感じてください。,/images/tourist_spot/094.jpg
95,29,ライオン記念碑,「世界で最も悲しいライオン」と称される、岩壁に刻まれた巨大な彫刻。 フランス革命時に戦死したスイス傭兵の忠誠心を讃えて作られました。 その表情は苦悩に満ち、見る者に深い感動と悲哀を与えます。 記念碑の周りは静かな公園になっており、散策するのに適しています。 ルツェルンの歴史と、スイス傭兵の悲しい物語を伝えるモニュメント。 忠誠心と悲劇の歴史を感じる、深く心に残る場所です。,/images/tourist_spot/095.jpg
96,29,ルツェルン湖,スイス中央部に位置し、「スイスの心臓」と呼ばれる美しい湖。 四方を山々に囲まれ、湖畔には中世の趣を残すルツェルンの街が広がります。 遊覧船に乗れば、湖上からピラトゥス山などの雄大な景色を楽しめます。 穏やかな湖面と、周囲の自然が織りなす絵画のような風景。 スイスの美しさが凝縮された、静かでロマンチックな場所です。 湖畔の散策や船旅で、心ゆくまで絶景を堪能しましょう。,/images/tourist_spot/096.jpg
97,29,ピラトゥス山,ルツェルン市街のすぐ近くにそびえる、伝説に満ちた山。 世界一急勾配の登山鉄道や、ロープウェイで山頂まで登頂できます。 山頂からは、ルツェルン湖やアルプスの山々の大パノラマを一望できます。 伝説の龍が住んでいたと言われる、神秘的な雰囲気を持つ場所。 様々な乗り物を乗り継ぎながら、山頂の絶景を目指す楽しい体験。 スイスの自然と伝説、そして絶景が楽しめる人気の観光スポットです。,/images/tourist_spot/097.jpg
98,30,マッターホルン,鋭いピラミッド型の山容を持つ、世界で最も有名な山の一つ。 その威厳ある姿は、スイスアルプスの象徴として人々を魅了し続けます。 朝焼けや夕焼けに染まる姿は特に美しく、感動的な光景です。 ツェルマットの街のどこからでも、その雄大な姿を眺めることができます。 人類の挑戦の歴史が詰まった、アルプスの孤高の美を体感してください。 見る者の魂を揺さぶる、山岳景観の最高傑作です。,/images/tourist_spot/098.jpg
99,30,ゴルナーグラート展望台,マッターホルンを最も美しく、最も間近に眺められる展望台の一つ。 登山鉄道に乗って登頂し、目の前に広がる大氷河と29の4000m級の山々を望めます。 特に、逆さマッターホルンが映る湖の景色は、絶好のフォトスポット。 展望台からのパノラマは、スイスアルプスの壮大さを体感できます。 マッターホルンをはじめとする名峰群の、息をのむ絶景を堪能しましょう。 アルプスの大自然の力を全身で感じられる場所です。,/images/tourist_spot/099.jpg
100,30,マッターホルン・グレッシャー・パラダイス,"ヨーロッパで最も高い地点にあるロープウェイ駅（標高3,883m）にある展望台。 一年中雪と氷に覆われた世界で、氷の宮殿や展望台が楽しめます。 ここからはマッターホルンの裏側や、イタリア側のアルプスも一望できます。 スキーやスノーボードも夏でも楽しめ、まさに氷河の楽園。 標高が高いため防寒対策は必須ですが、特別な体験が待っています。 アルプスの頂で、究極の雪と氷の絶景を体験しましょう。",/images/tourist_spot/100.jpeg
101,31,オペラハウス,シドニー湾に浮かぶ、貝殻のようなユニークなデザインが特徴の世界遺産。 20世紀を代表する建築物として、シドニーのシンボルとなっています。 オペラやコンサート、演劇などが上演される、芸術と文化の発信地。 ハーバーブリッジを背景にしたその姿は、最高のフォトジェニックな景観です。 昼間の白く輝く姿も、夜のライトアップされた姿も感動的な美しさ。 シドニーのモダンな美しさと芸術の魂を感じられる場所です。,/images/tourist_spot/101.jpg
102,31,ハーバーブリッジ,シドニー湾に架かる巨大な鋼鉄製のアーチ橋で、「ハンガー（ハンガー）」の愛称で親しまれます。 橋の上からのシドニー湾とオペラハウスの眺めは、絶景の一言。 「ブリッジクライム」では、橋のアーチの頂上まで登るスリル満点の体験ができます。 シドニーの港と街を結ぶ、力強く美しい鉄の構造物。 街の喧騒を離れ、シドニーの息をのむようなパノラマビューを堪能しましょう。 シドニーの象徴的な景色を、体全体で感じてください。,/images/tourist_spot/102.jpg
103,31,ボンダイビーチ,シドニーを代表する、長く白い砂浜と透き通った青い海が広がる人気のビーチ。 サーフィン文化の中心地で、多くの人々が波乗りや日光浴を楽しんでいます。 ビーチ沿いにはおしゃれなカフェやレストランが並び、活気にあふれています。 「ボンダイ・トゥ・クージー」の海岸沿いの散歩道からの眺めも絶景。 オーストラリアの開放的なビーチカルチャーを肌で感じられる場所。 太陽と海、そして人々のエネルギーが溢れる場所でリラックスしましょう。,/images/tourist_spot/103.jpg
104,31,ロックス地区,シドニー入植当初の面影を残す、歴史と情緒あふれる石畳の古い街並み。 かつて船員や囚人が暮らした場所で、歴史的なパブや建物が多く残ります。 週末にはマーケットが開かれ、手作りの工芸品やお土産を探す楽しみも。 ハーバーブリッジのたもとに位置し、オペラハウスへのアクセスも良好。 シドニーのルーツと、歴史的な雰囲気を深く感じられる場所です。 オーストラリアの過去に思いを馳せながら、散策を楽しんでください。,/images/tourist_spot/104.jpg
105,31,ダーリングハーバー,近代的な再開発により生まれた、レストランやエンターテイメント施設が集まる港湾エリア。 水族館や動物園、博物館など、大人から子供まで楽しめるスポットが充実。 ウォーターフロントのテラス席で食事をすれば、最高の気分を味わえます。 夜になると周辺のビルや施設がライトアップされ、美しい夜景が広がります。 シドニーのモダンで賑やかな側面を感じられる、楽しい複合施設です。 都会的な雰囲気の中で、美味しい食事とエンタメを満喫しましょう。,/images/tourist_spot/105.jpg
106,32,ウルル,オーストラリアの聖地であり、世界最大級の一枚岩として知られる巨大な岩山。 アボリジニにとって神聖な場所であり、その歴史と信仰の重みを感じさせます。 朝焼けや夕焼けの時間帯には、岩肌の色がドラマチックに変化する絶景。 その壮大なスケールと、大地のエネルギーに圧倒されること間違いなし。 オーストラリアの大自然と、先住民の文化に触れる貴重な体験。 あなたの人生観を変えるかもしれない、神聖な場所を訪れましょう。,/images/tourist_spot/106.jpg
107,32,カタ・ジュタ,ウルルの近くに位置する、36の巨大な岩のドーム群からなる景勝地。 「多くの頭」を意味し、ウルルと同様にアボリジニにとって神聖な場所です。 「風の谷」などのウォーキングトレイルでは、岩の間を歩くことができます。 ウルルとは異なる、ゴツゴツとした力強い造形美が魅力。 ウルルとセットで訪れ、オーストラリアのもう一つの壮大な自然の驚異を体験。 大地の息吹と、雄大な景色の迫力を全身で感じてください。,/images/tourist_spot/107.jpg
108,32,カルチャーセンター,ウルル・カタ・ジュタ国立公園内にある、アボリジニ文化を学べる施設。 先住民アナング族の歴史、信仰、伝統芸術について深く学ぶことができます。 アボリジニのガイドによるツアーもあり、神聖な地の物語を聞くことができます。 この土地の真のオーナーである人々の、深い知恵と歴史に触れましょう。 自然を敬い、生きる知恵を伝える、アボリジニの文化を理解する入口です。 ウルル訪問をより意味深いものにするために、ぜひ訪れるべき場所です。,/images/tourist_spot/108.jpg
109,33,グレート・バリア・リーフ,世界最大のサンゴ礁地帯であり、宇宙からも見えると言われる巨大な自然遺産。 色とりどりのサンゴと、数千種の熱帯魚が生息する海洋生物の宝庫。 シュノーケリングやダイビングで、この幻想的な海中世界を探検できます。 セスナやヘリコプターからの「ハート・リーフ」の眺めもロマンチック。 地球が作り出した奇跡の海で、忘れられない感動体験を。 手つかずの自然の美しさと、海洋生物の多様性に触れてみませんか。,/images/tourist_spot/109.jpg
110,33,キュランダ,「熱帯雨林の村」として知られ、自然と先住民文化が息づく静かな観光地。 世界最長のゴンドラ「スカイレール」からの熱帯雨林の眺めは圧巻です。 キュランダ鉄道に乗って、壮大な滝や渓谷を巡るノスタルジックな旅も人気。 マーケットでは、アボリジニのアートや工芸品を購入できます。 熱帯雨林の静けさと、オーストラリアの先住民文化に触れる場所。 ケアンズの喧騒を離れ、ゆったりとした自然の時間を過ごしましょう。,/images/tourist_spot/110.jpg
111,33,グリーン島,グレート・バリア・リーフに浮かぶ、美しいサンゴと熱帯雨林に覆われた島。 ケアンズから高速船で約45分とアクセスが良く、日帰り観光に最適です。 ビーチでリラックスしたり、グラスボートでサンゴ礁を観察できます。 シュノーケリングやダイビングで、手軽に海中世界を探検可能。 美しい海と白い砂浜に囲まれた、まさに熱帯の楽園。 グレート・バリア・リーフの魅力を手軽に堪能できる場所です。,/images/tourist_spot/111.jpg
112,33,デインツリー熱帯雨林,世界最古の熱帯雨林として知られ、太古の植物や珍しい生物が生息する世界遺産。 海と熱帯雨林が隣接する、世界でも珍しい独特の景観が魅力です。 キャノピーウォークなどで、熱帯雨林の巨大な植物を間近で観察。 ワニが生息する川をクルーズしたり、エキゾチックな体験ができます。 地球の進化の歴史を感じられる、神秘的で壮大な自然の宝庫。 太古から変わらない、生命力あふれるジャングルの奥深くを探検しましょう。,/images/tourist_spot/112.jpg
113,34,グレート・オーシャン・ロード,メルボルン近郊の海岸沿いを走る、世界屈指の美しいドライブコース。 荒々しい波によって削られた奇岩群「十二使徒」の絶景は圧巻です。 断崖絶壁が続く海岸線と、青い海のコントラストは息をのむ美しさ。 ドライブだけでなく、ヘリコプターからの空撮も人気を集めています。 自然の驚異と、雄大な海岸線の美しさを体感できる場所。 オーストラリアのワイルドでドラマチックな自然を感じてください。,/images/tourist_spot/113.jpg
114,34,フリンダース・ストリート駅,メルボルンのシンボルであり、ビクトリア様式の美しい黄色い駅舎。 時計台の下で待ち合わせをする、メルボルン市民の日常の中心地。 夜になるとライトアップされ、ロマンチックな雰囲気を醸し出します。 メルボルンの歴史と、ヨーロッパのような雰囲気を象徴する建築。 この美しい駅舎を背景に、メルボルンの旅の始まりを記念しましょう。 街の活気と歴史を感じられる、美しいランドマークです。,/images/tourist_spot/114.jpg
115,34,王立植物園,メルボルン市街の中心にある、広大で手入れの行き届いた美しい植物園。 世界中から集められた様々な植物が植えられ、四季折々の美しさが楽しめます。 湖畔や芝生でのんびりピクニックをする、市民の憩いの場。 メルボルンの都会の喧騒を忘れさせてくれる、緑豊かなオアシス。 美しい花々や珍しい植物を眺めながら、ゆったりとした時間を過ごしましょう。 メルボルンの自然と安らぎを感じられる最高の場所です。,/images/tourist_spot/115.jpg
116,34,フィリップ島,メルボルン近郊にあり、野生のペンギンやコアラに出会える自然豊かな島。 夜になると、小さなフェアリーペンギンたちが海から戻ってくる「パレード」は感動的。 コアラを間近で見られる保護センターなど、野生動物との出会いが豊富です。 南極海から打ち寄せる波が荒々しい、自然の力強さも感じられます。 オーストラリアならではの、可愛らしい野生動物との触れ合いを体験。 自然と動物好きにはたまらない、メルボルンからの日帰りスポットです。,/images/tourist_spot/116.jpg
117,35,クオッカ,ロットネスト島に生息する、世界一幸せな動物と呼ばれる小型の有袋類。 人懐っこく、近づいても逃げないため、一緒に「セルフィー（自撮り）」が可能。 彼らの可愛らしい笑顔は、SNSでも世界的な人気を集めています。 ロットネスト島以外ではほとんど見られない、オーストラリアの固有種。 この可愛い動物との出会いは、旅の忘れられない思い出になるでしょう。 ぜひクオッカの笑顔に癒やされてみてください。,/images/tourist_spot/117.jpg
118,35,ビーチ,ロットネスト島内は車の乗り入れが制限されており、移動は主に自転車。 美しいビーチや透き通った海を眺めながら、島を一周するサイクリングは最高。 島の自然を肌で感じながら、自分のペースで絶景スポットを巡れます。 クオッカとの出会いを楽しみながら、健康的でアクティブな一日を。 オーストラリアの美しい自然の中で、爽快なサイクリングを楽しみましょう。 自由に、気持ちよく、島の魅力を満喫できるアクティビティです。,/images/tourist_spot/118.jpg
119,35,サイクリング,ロットネスト島には、63か所もの白砂とターコイズブルーの海を持つ美しいビーチが点在します。 車が乗り入れ禁止の島では、自転車で巡りながらお気に入りの入り江を見つけるのが醍醐味です。 波が穏やかなザ・ベイスンやリトル・サーモン・ベイは、シュノーケリングに最適。 何よりも、「世界一幸せな動物」クオッカがビーチ周辺にも姿を現すのが最大の魅力です。 手つかずの自然と、透明度の高い海が織りなす非日常の絶景が広がります。 最高のビーチリラックスと可愛らしい動物との出会いを両方楽しめる楽園です。,/images/tourist_spot/119.jpg
120,36,ワット・ポー,巨大な「涅槃仏（ねはんぶつ）」が安置されている、バンコク最古の格式高い寺院。 全長46mの金色の涅槃仏は、その大きさと美しさに圧倒されます。 タイ古式マッサージの総本山としても知られ、マッサージを受けることも可能。 敷地内には多くの仏塔や仏像があり、タイ仏教の美を堪能できます。 タイの信仰と芸術が凝縮された、バンコク必見の寺院。 タイ仏教の静謐な雰囲気の中で、涅槃仏の威厳を感じてください。,/images/tourist_spot/120.jpg
121,36,ワット・アルン,「暁の寺」として知られ、チャオプラヤ川沿いに建つ美しい寺院。 壮麗な大仏塔（プラーン）は、陶器の破片で装飾されており、繊細な美しさです。 特に夕暮れ時、太陽の光を受けて輝く姿は息をのむほど幻想的。 川を挟んだ対岸からの眺めも美しく、写真撮影に最適です。 タイの歴史と、壮麗な建築美を象徴する寺院。 チャオプラヤ川のクルーズと共に、その雄大な姿を眺めましょう。,/images/tourist_spot/121.jpg
122,36,王宮,歴代シャム国王の居城であり、タイで最も格式の高い歴史的建造物群。 敷地内にはエメラルド仏が安置されたワット・プラケオ（エメラルド寺院）があります。 豪華絢爛な宮殿や仏塔は、タイの芸術と文化の粋を集めたもの。 厳格な服装規定があり、露出度の高い服装は入場できません。 タイ王室の歴史と、仏教への深い信仰を感じられる場所です。 タイの威厳と美しさが凝縮された、最も重要な聖地を訪れましょう。,/images/tourist_spot/122.jpg
123,36,カオサン通り,世界中のバックパッカーが集まる、自由で活気あふれるストリート。 安宿、屋台、バー、旅行会社などがひしめき合い、独特の雰囲気。 マッサージやヘナタトゥーなど、安価なサービスも楽しめます。 夜になるとネオンが輝き、音楽が鳴り響く、国際色豊かな賑わいを見せます。 タイのローカルな雰囲気と、世界中の旅人が交差する場所。 アジアの熱気と自由な空気を感じながら、賑わいを楽しみましょう。,/images/tourist_spot/123.jpg
124,36,チャトゥチャック・ウィークエンド・マーケット,週末にのみ開催される、世界最大級の巨大な屋外マーケット。 衣料品、雑貨、美術品、ペット用品など、ありとあらゆるものが並びます。 迷路のような通路を歩きながら、掘り出し物を見つけるのが醍醐味。 安くて美味しい屋台グルメも豊富で、タイの庶民の味を楽しめます。 タイの活気と熱気が凝縮された、エキサイティングな買い物スポット。 タイならではのお土産探しと、ローカルな雰囲気を満喫しましょう。,/images/tourist_spot/124.jpg
125,37,パトンビーチ,プーケットで最も有名で、活気に満ちたビーチリゾートの中心地。 昼間は海水浴やマリンスポーツを楽しむ人々で賑わいます。 夜になるとバーやクラブが並ぶバングラー通りが熱狂的なナイトライフを提供。 レストランやショッピングモールも充実し、利便性が高いエリアです。 タイの陽気なリゾートの雰囲気と、エキサイティングな夜の顔を持つ場所。 ビーチでのリラックスと、賑やかなナイトライフを楽しみたい方におすすめです。,/images/tourist_spot/125.jpg
126,37,ピピ島,エメラルドグリーンの海と、切り立つ石灰岩の絶壁が美しいリゾートアイランド。 映画『ザ・ビーチ』のロケ地となったマヤベイの幻想的な景色が有名。 シュノーケリングやダイビングで、美しいサンゴ礁と熱帯魚に出会えます。 プーケットやクラビからの日帰りツアーで訪れることができます。 タイ屈指の美しい自然が残る、手つかずの楽園。 絵葉書のような絶景の中で、至福のビーチリラックスを体験しましょう。,/images/tourist_spot/126.jpg
127,37,ビッグ・ブッダ,プーケットの丘の上にそびえ立つ、巨大な白い大仏像。 像の台座からは、プーケット島全景と美しい海を一望できる絶景。 大仏は島を見守るように座しており、静かで神聖な雰囲気に包まれています。 プーケットのランドマークであり、人々の信仰を集める場所。 プーケットの美しい自然と、タイ仏教の静謐さを感じられる場所です。 絶景を楽しみながら、平和を祈るひとときを過ごしましょう。,/images/tourist_spot/127.jpg
128,37,オールドタウン,プーケット島の歴史を感じる、パステルカラーのポルトガル様式の建物が並ぶ街並み。 中華系とヨーロッパ系の文化が融合した、独特の雰囲気が魅力です。 おしゃれなカフェやブティック、壁画アートが点在し、散策が楽しい。 週末にはナイトマーケットが開かれ、さらに活気づきます。 タイのリゾートとは異なる、歴史と文化の深さを感じられる場所。 レトロでカラフルな街並みで、ノスタルジックな写真を撮ってみませんか。,/images/tourist_spot/128.jpg
129,37,シミラン諸島,エメラルドグリーンの海と、世界トップクラスの透明度を誇るダイビングスポット。 奇岩が点在するユニークな景観と、手つかずの自然が魅力の国立公園。 サンゴ礁やウミガメなど、豊かな海洋生物に出会えるダイバーの聖地。 プーケットからスピードボートでアクセスし、日帰りや宿泊が可能です。 タイの海が持つ究極の美しさを体験できる、まさに海の楽園。 世界有数の透明度を誇る海で、最高のシュノーケリング・ダイビングを。,/images/tourist_spot/129.jpg
130,38,ギザのピラミッドとスフィンクス,人類史上最大の謎とロマンを秘めた、世界七不思議の一つ。 クフ王、カフラー王、メンカウラー王の巨大なピラミッドが砂漠にそびえ立ちます。 ファラオの永遠の眠りを守るように、巨大なスフィンクスがたたずみます。 紀元前の巨大な建築物に、人類の知恵と力の壮大さを感じさせられます。 エジプト文明のシンボルであり、世界中の人々を魅了し続ける遺跡。 砂漠の壮大な景色の中で、古代のロマンに思いを馳せましょう。,/images/tourist_spot/130.jpg
131,38,大エジプト博物館 (GEM),世界中の期待を集める、エジプト考古学の最新かつ最大の博物館。 ツタンカーメン王の黄金の秘宝など、貴重な遺産が多数展示される予定です。 最新の技術を駆使した展示方法で、古代エジプト文明を深く学べます。 ギザのピラミッドのすぐ近くに位置し、観光の拠点としても最適。 古代の至宝が一同に会する、エジプト文明の新たな殿堂。 人類の歴史を塗り替えるかもしれない、世紀の発見に触れましょう。,/images/tourist_spot/131.jpg
132,38,ハン・ハリーリ市場,イスラム地区に位置する、中東らしい活気あふれる巨大なスーク（市場）。 香辛料、ランプ、金銀細工、民芸品など、あらゆるものが並びます。 迷路のような細い路地を歩けば、異国情緒あふれる雰囲気に包まれます。 老舗のカフェでお茶を飲み、水タバコを楽しむのも異文化体験。 中東の熱気と喧騒、そして独特の文化を感じられる場所です。 エジプトのローカルな雰囲気を肌で感じながら、買い物と交渉を楽しみましょう。,/images/tourist_spot/132.jpg
133,38,シタデル,ムカッタム丘の上に建つ、アイユーブ朝のサラディンが築いた要塞。 オスマン帝国時代のムハンマド・アリ・モスクの壮麗な姿が印象的です。 城壁からは、カイロの街全体とピラミッドを一望する絶景が楽しめます。 エジプトのイスラム教徒の歴史と権力の中心を感じられる場所。 カイロの街を見守る、歴史の重みを感じさせる要塞です。 壮大なモスクと、カイロの街のパノラマビューを堪能しましょう。,/images/tourist_spot/133.jpg
134,39,カルナック神殿,アメン大神を祀る、古代エジプト最大の神殿複合体。 巨大な柱が立ち並ぶ大列柱室の迫力は、見る者を圧倒します。 歴代ファラオたちが拡張を続けた、エジプト信仰の中心地。 巨大なオベリスクや、羊の頭を持つスフィンクス参道など見どころが豊富。 古代エジプトの権力と信仰の巨大なスケールを体感できます。 人類の創造力の驚異を感じられる、壮大な遺跡を訪れましょう。,/images/tourist_spot/134.jpg
135,39,ルクソール神殿,ナイル川のほとりに建つ、夜のライトアップが美しい神殿。 カルナック神殿とスフィンクス参道で結ばれていた、古代エジプトの重要な神殿。 ラムセス2世の巨像やオベリスクが、神殿の入り口を守ります。 夜になると幻想的にライトアップされ、昼間とは違うロマンチックな雰囲気に。 ナイル川の風景と共に、古代エジプトの美しさを堪能できます。 闇夜に浮かび上がる、神秘的な神殿の姿をご覧ください。,/images/tourist_spot/135.jpg
136,39,王家の谷,新王国時代のファラオや王族が葬られた、岩山の谷にある墓地。 ツタンカーメン王の墓が発見された場所として特に有名です。 豪華な装飾と色鮮やかな壁画が残る墓の内部を見学できます。 死後の世界へと旅立った古代王族の、永遠の眠りの地。 古代エジプトの死生観と、芸術の高さに触れる貴重な体験。 岩壁に刻まれた、ファラオたちの歴史の物語を探訪しましょう。,/images/tourist_spot/136.jpg
137,39,ハトシェプスト女王葬祭殿,古代エジプト史上、唯一の女性ファラオ、ハトシェプスト女王の偉業を称える神殿。 岩山を背景に、３段のテラスが幾何学的に広がる独特の建築美。 広大な敷地と、現代的なデザインにも通じる洗練された美しさが魅力。 古代エジプトの女性の権力と、その壮大な物語を感じさせます。 女王の偉大な統治の証として残された、美しい神殿を訪れましょう。 エジプトの歴史を彩った、強き女性の足跡を辿ってください。,/images/tourist_spot/137.jpg
138,40,アブ・シンベル神殿,ラムセス2世が建造させた、岩山を削って作られた巨大な神殿。 高さ20mを超えるラムセス2世の巨像が、神殿の入り口を守ります。 年に二度、至聖所が太陽光で照らされる神秘的な現象が起こります。 アスワン・ハイ・ダム建設時に移築された、人類の英知の結晶。 古代エジプトの偉大なファラオの権力と、建築技術の驚異を体感。 エジプト最南端で、古代のロマンと迫力に圧倒されましょう。,/images/tourist_spot/138.jpg
139,40,イシス神殿（フィラエ神殿）,ナイル川に浮かぶアギルキア島に移築された、女神イシスを祀る美しい神殿。 水面に映る神殿の姿が幻想的で、特に夜のライトアップが有名です。 プトレマイオス朝時代に建てられた、比較的新しい時代の神殿。 ダム建設による水没から救われた、人類の努力の結晶でもあります。 ナイル川の美しい水景と、古代の信仰が融合した神聖な場所。 ボートに乗って訪れる、水上の神秘的な神殿を体験しましょう。,/images/tourist_spot/139.jpg
140,40,アスワン・ハイ・ダム,エジプトの治水と電力供給を担う、ナイル川に建設された巨大なダム。 20世紀のエジプトの近代化を象徴する、重要なインフラ施設。 ダム湖であるナセル湖は、世界最大級の人工湖として知られています。 その建設により、多くの遺跡が水没の危機から移築されました。 エジプトの現代史と、ナイル川の恵みと脅威を感じられる場所。 壮大な人工構造物と、湖の広大さに驚嘆しましょう。,/images/tourist_spot/140.jpeg
141,40,ヌビア村,アスワン近郊にある、エジプトの少数民族ヌビア人の伝統的な村。 カラフルな家並みや、壁に描かれたアートがエキゾチックな雰囲気。 ナイル川のほとりで、素朴で温かい人々の暮らしに触れることができます。 ボートに乗って訪れる、ナイル川流域の静かで美しい場所。 エジプトのもう一つの文化、ヌビア人の生活と伝統を体験。 異文化交流と、ナイル川の穏やかな景色を楽しみましょう。,/images/tourist_spot/141.jpg
142,41,マスジェデ・ナスィーロル・モスク,「ピンク・モスク」として知られる、ステンドグラスが美しいモスク。 早朝の光がステンドグラスを通り抜け、内部を色鮮やかに照らします。 柱や天井の精巧なタイルの装飾も、イランの芸術の粋を集めたもの。 朝の限られた時間だけ見られる、幻想的な光のショーは必見です。 イラン・イスラム建築の美と、光のマジックを体験できる場所。 光と色彩が織りなす、夢のような空間を訪れましょう。,/images/tourist_spot/142.png
143,41,エラム庭園,シラーズにある、ペルシャ式庭園の典型的な様式を持つ美しい庭園。 世界遺産にも登録されており、水路と緑、そして壮麗な建物が調和しています。 「天国」を意味する名の通り、安らぎと美しさに満ちた空間。 庭園の中心には、カジャール朝時代の美しい宮殿が建っています。 イランの乾燥地帯における、水と緑への人々の憧れを感じられる場所。 ペルシャ文化の優雅さと、自然の美しさを堪能してください。,/images/tourist_spot/143.jpg
144,41,ハフェズ廟,イランの国民的詩人であり、ペルシャ文学の最高峰とされるハフェズの墓。 ペルシャ式庭園の中に建てられた、ドーム型の美しい廟。 多くのイラン人が詩を朗誦し、彼への敬意を示す文化の中心地。 夜になるとライトアップされ、ロマンチックで神秘的な雰囲気に包まれます。 ペルシャの詩情と、人々の文学への深い愛を感じられる場所。 イランの精神文化に触れる、静かで美しい空間です。,/images/tourist_spot/144.jpeg
145,42,イマーム広場,世界で最も美しい広場の一つと称される、広大で壮麗な広場。 広場を囲むイマーム・モスク、シェイフ・ロトフォッラー・モスク、アリカプ宮殿が圧巻。 かつてはポロ競技が行われ、サファヴィー朝の栄華を今に伝えます。 夕暮れ時、広場が夕日に染まる光景は、息をのむ美しさです。 イラン・イスラム建築の粋を集めた、世界遺産の景観。 ペルシャの歴史と美意識が凝縮された、壮大な空間を歩きましょう。,/images/tourist_spot/145.jpeg
146,42,イマーム・モスク,イマーム広場に面して建つ、イラン・イスラム建築の傑作とされるモスク。 青いタイルで覆われたドームとミナレットの美しさは圧巻です。 タイルの色彩と、光の加減で変化するドームの模様が幻想的。 音響効果を計算した設計も素晴らしく、イスラム芸術の最高峰を体感できます。 サファヴィー朝の最盛期の技術と芸術が詰まった場所。 青いタイルの輝きが目に焼きつく、世界的な名建築です。,/images/tourist_spot/146.jpg
147,42,シー・オ・セ・ポル,イスファハンのザヤンデ川に架かる、33のアーチを持つ美しい橋。 夜になるとアーチがライトアップされ、水面に映る姿が幻想的です。 橋の上は人々の憩いの場となっており、地元の雰囲気を感じられます。 サファヴィー朝の時代に建設された、歴史的価値の高い橋。 水辺のロマンチックな雰囲気と、ペルシャの歴史を感じられる場所。 美しい橋の上で、イランの人々の日常と歴史に触れましょう。,/images/tourist_spot/147.jpg
148,42,チェヘル・ソトゥーン宮殿,「40本の柱の宮殿」を意味する、サファヴィー朝の夏の離宮。 実際は20本の柱が、水面に映り込んで40本に見えるという錯覚を利用しています。 内部には、サファヴィー朝の歴史や宴会の様子を描いた壁画が残ります。 ペルシャ式庭園の中に佇む、優雅で洗練された建築。 イランの芸術と、王室の華やかな生活を垣間見られる場所。 静かな庭園の中で、ペルシャの優雅な美意識を堪能してください。,/images/tourist_spot/148.jpg
149,43,ヤズド旧市街,「アドーベ（日干しレンガ）」でできた建物が密集する、砂漠の街の旧市街。 迷路のような細い路地や、日差しを遮るバッドギール（風採り塔）が特徴的。 ゾロアスター教の歴史が色濃く残り、古代ペルシャの面影を感じさせます。 屋上からの旧市街の眺めは、砂漠の独特な景観美を象徴しています。 砂漠という厳しい環境で築かれた、人々の知恵と工夫の結晶。 古代ペルシャの面影が残る、静かで神秘的な街を散策しましょう。,/images/tourist_spot/149.jpg
150,43,沈黙の塔,ゾロアスター教徒が鳥葬を行った、山の上にある歴史的な施設。 宗教的な習慣により、遺体を自然に還す場所として使われていました。 砂漠の壮大な景色の中に、静かにたたずむ神秘的な塔。 ゾロアスター教徒の死生観と、古代からの信仰の歴史を感じられます。 山の上からの砂漠の景観も素晴らしく、静かな感動を覚えます。 古代ペルシャの独特の文化と歴史に触れる、興味深い場所です。,/images/tourist_spot/150.jpg
151,43,ジャーメ・モスク,ヤズド旧市街にそびえる、イラン・イスラム建築の傑作モスク。 高くそびえる美しいミナレットと、青いタイルの装飾が特徴的。 特に、夜にライトアップされた姿は、幻想的な美しさです。 イランで最も美しいアーチの一つを持つと言われる門も見どころ。 砂漠の街のシンボルとして、人々の信仰を集めてきた壮麗な建築。 青いタイルの繊細な美しさと、モスクの威厳を感じてください。,/images/tourist_spot/151.jpeg
152,43,ゾロアスター教の火の神殿,古代ペルシャの宗教、ゾロアスター教の聖なる火が燃え続ける神殿。 1500年以上も燃え続けているという炎は、ゾロアスター教徒の信仰の象徴。 神殿内部からガラス越しに、その神聖な炎を拝観することができます。 ゾロアスター教の歴史と教義について学べる展示もあります。 古代ペルシャの信仰の中心であり、神秘的な雰囲気に満ちた場所。 人類の歴史に残る、最も古い信仰の炎を間近で見てみましょう。,/images/tourist_spot/152.jpg
153,44,ゴレスタン宮殿,カジャール朝時代の王宮で、豪華絢爛な装飾が施された世界遺産。 特に「鏡の間」の、無数の鏡を使った装飾は、息をのむ美しさ。 イランの近代史と、カジャール朝の豪華な宮廷文化を伝える場所です。 ヨーロッパの建築様式とペルシャの伝統が見事に融合。 イランの豪華な歴史と芸術が凝縮された、テヘランの至宝。 鏡の輝きに満ちた空間で、ペルシャの華麗な美意識を体感してください。,/images/tourist_spot/153.jpg
154,44,アザディ・タワー,テヘランの西端に建つ、イランのモダンなシンボル的な白い塔。 イラン建国2500年を記念して建てられ、建築的な美しさを持つランドマーク。 高速道路の起点に位置し、テヘランの玄関口のような存在です。 展望台からは、テヘランの広大な街並みを一望できます。 イランの伝統と未来への希望を象徴する、美しい現代建築。 テヘランのダイナミズムを感じながら、街のパノラマビューを楽しみましょう。,/images/tourist_spot/154.jpg
155,44,テヘランのグランドバザール,テヘランの中心部に広がる、世界最大級の迷宮のような巨大な市場。 迷路のような通路に、金銀細工から絨毯まであらゆるものが並びます。 イスラム建築の美しいアーチやドームが、歴史的な雰囲気を醸し出します。 イランの商業の中心であり、人々の活気と熱気が溢れる場所。 テヘランの経済と文化の鼓動を肌で感じられる空間です。 イランの喧騒と活気を楽しみながら、お土産探しに挑戦しましょう。,/images/tourist_spot/155.jpg
156,44,サアダバード宮殿,パフラヴィー朝（最後の王朝）の王族が暮らした、広大な敷地を持つ夏の離宮。 敷地内には複数の宮殿があり、王族の豪華な生活を垣間見ることができます。 特に「白い宮殿」の内部は、当時の華麗な装飾がそのまま残ります。 広大な庭園はテヘラン市民の憩いの場となっており、散策も楽しめます。 イランの近代史と、王室の栄華と没落の物語を感じられる場所。 豪華な宮殿と美しい庭園で、イランの歴史の終焉を見つめましょう。,/images/tourist_spot/156.jpg
157,45,クトゥブ・ミナール,デリーの郊外にそびえる、赤砂岩でできた高さ72.5mの壮麗なミナレット。 インド最古のイスラム王朝である奴隷王朝時代に建設されました。 インド・イスラム様式の建築の傑作として、世界遺産に登録されています。 ミナレットの周囲には、モスクや他の歴史的建造物の遺跡が点在。 インドとイスラム文化が融合した、独自の美しさを感じられます。 デリーの歴史の深さと、イスラム建築の美しさに触れてください。,/images/tourist_spot/157.jpg
158,45,インド門,第一次世界大戦で戦死したインド兵を追悼するために建てられた巨大な門。 パリの凱旋門をモデルにしたと言われ、ニューデリーのシンボルです。 門の下には、永遠に燃え続ける火が灯され、人々の敬意を集めています。 夕方になるとライトアップされ、ロマンチックな雰囲気に包まれます。 インドの独立と歴史の重みを感じられる、象徴的なモニュメント。 デリーの広大な通りを彩る、歴史的な門を訪れましょう。,/images/tourist_spot/158.jpg
159,45,レッド・フォート（ラール・キラー）,ムガル帝国第5代皇帝シャー・ジャハーンが建設した巨大な赤砂岩の城塞。 かつてムガル帝国の中心地として栄華を極めた、歴史的な舞台です。 内部には、豪華な装飾が施された謁見の間や、王のプライベートな宮殿が残ります。 インドの独立記念日には、首相がここで演説を行う場所としても重要。 インドの歴史と、ムガル帝国の壮大な権力を体感できる場所。 赤砂岩の城壁に囲まれた、インドの歴史の深さに触れてください。,/images/tourist_spot/159.jpg
160,45,フマユーン廟,ムガル帝国第2代皇帝フマユーンの墓で、タージ・マハルの原型となった壮麗な建築。 広大なペルシャ式庭園「チャールバーグ」の中心に、赤砂岩と白大理石のコントラストが美しい廟が建ちます。 ムガル建築とペルシャ建築が見事に融合した、インド・イスラム建築の傑作。 その後のムガル建築に大きな影響を与え、インドの世界遺産群の礎となりました。 静かで厳かな雰囲気の中で、ムガル帝国の栄華の始まりを感じられます。 インドにおけるイスラム文化の美を体感できる、デリーの重要な歴史的スポットです。,/images/tourist_spot/160.jpg
161,46,タージ・マハル,ムガル帝国第5代皇帝シャー・ジャハーンが愛する王妃ムムターズ・マハルのために建てた白大理石の霊廟。 「世界で最も美しい墓」と称され、インド・イスラム芸術の最高峰として知られます。 朝日や夕日、満月の光によって刻々と色を変える幻想的な姿が人々を魅了します。 完全な左右対称の美と、大理石に施された精巧な宝石の象嵌細工（ピエトラ・ドゥーラ）。 永遠の愛のシンボルとして、世界中から多くの人がロマンを求めて訪れます。 ムガル建築の究極の美を体感し、愛と悲しみの物語に感動してください。,/images/tourist_spot/161.jpg
162,46,アグラ城塞,歴代ムガル皇帝が居城とした、赤砂岩で築かれた巨大な城塞（レッド・フォート）。 広大な城壁と堀に守られた内部には、豪華な宮殿やモスクが点在します。 **タージ・マハルを遠望できる「ムサンマン・ブルジ」**からの景色は格別。 ムガル帝国の政治の中心地として、多くの歴史的なドラマの舞台となりました。 ムガル建築の壮大さと、かつての権力の中心地の重厚な歴史を感じられます。 インドの歴史の深さと、ムガル皇帝たちの暮らしに思いを馳せてみましょう。,/images/tourist_spot/162.jpeg
163,46,ファテープル・シークリー,ムガル帝国第3代皇帝アクバルが建設した、赤砂岩の幻の都。 イスラム、ヒンドゥー、ジャイナ教など、様々な宗教・文化が融合した独自の建築様式。 水の確保が困難で短期間で放棄されたため、当時の姿がそのまま残る貴重な遺跡。 「パンチ・マハル」や「トルコの王妃の家」など、アクバル帝の先進性が伺える建物が点在。 ムガル帝国の栄華の瞬間が凝縮された、まるで時間が止まったかのような空間です。 壮大な赤砂岩の街を歩き、当時の人々の暮らしと歴史のロマンを感じてください。,/images/tourist_spot/163.jpg
164,46,イティマード・ウッダウラ廟,タージ・マハルに先立ち建設された、ムムターズ・マハルの祖父の霊廟。 タージ・マハルの「ベビー・タージ」とも呼ばれ、初期ムガル建築の貴重な例です。 白大理石を基調とし、精巧な宝石の象嵌細工が施された美しい装飾が特徴。 タージ・マハルへと発展する建築技術の原点を見ることができます。 細部にわたる繊細な装飾美は、タージ・マハルとは異なる優雅さを持っています。 ムガル建築の技術の変遷を辿る上で、非常に重要な美しい霊廟です。,/images/tourist_spot/164.jpg
165,47,アンベール城,象のタクシーで登城する体験が有名な、岩山の上にそびえる壮麗なムガル様式の城塞。 城内は、豪華な鏡の間（シーシュ・マハル）をはじめとする精巧な装飾で彩られています。 湖に映る城の姿は美しく、その壮大なスケールと歴史の重みを感じさせます。 城壁の上からは、周囲のアラーヴァリー山脈とマオタ湖の雄大な景色を一望できます。 ラージプート族の王族が暮らしたこの場所で、インドの王政の栄華を体感しましょう。 軍事要塞としての迫力と、宮殿としての華麗さを併せ持つ、ジャイプールの必見スポットです。,/images/tourist_spot/165.jpg
166,47,ハワー・マハル,ジャイプールの旧市街に立つ、ピンク色の砂岩で造られた5階建ての宮殿です。1799年に建設され、外壁には953個もの小窓がハニカム状に並んでいます。これは、当時外出を禁じられていた宮廷の女性たちが、外から見られることなく、街の祭りや様子を見物するために設けられました。効率よく風を取り込む構造から「風の宮殿」と呼ばれます。,/images/tourist_spot/166.jpg
167,47,シティパレス,ジャイプール旧市街の中心にある宮殿で、現在もマハラジャの子孫が住居として使用しています。ヒンドゥーとイスラムの様式が混ざり合った華やかな建築が特徴で、敷地の一部は博物館として公開されています。特に、美しい色彩と緻密な装飾が施された**「クジャクの扉」**がある中庭は、写真映えするスポットとして人気です。,/images/tourist_spot/167.jpg
168,47,ジャンタル・マンタル,18世紀初頭、マハラジャのジャイ・シング2世によって建設された巨大な天文観測施設群です。敷地内には、高さ27m以上ある世界最大級の日時計「サムラート・ヤントラ」をはじめ、星座や太陽の動きを観測するための20以上のユニークな観測儀が並びます。当時の高度な天文学の知識を示す貴重な遺産として世界遺産に登録されています。,/images/tourist_spot/168.jpg
169,48,万里の長城,紀元前から続く、中国歴代王朝が北方民族の侵入を防ぐために築いた世界最大の軍事防衛施設です。その全長は数千キロにも及び、ユネスコ世界遺産に登録されています。山々の尾根に沿って連なる壮大な城壁と望楼は圧巻で、人類史上最大規模の建造物として、悠久の歴史と自然の絶景を体感できます。,/images/tourist_spot/169.jpg
170,48,故宮博物院（紫禁城）,明・清王朝の24人の皇帝が暮らした旧王宮で、かつては一般人の立ち入りが禁じられていたため「紫禁城」と呼ばれていました。世界最大の木造建築群であり、左右対称に配置された壮麗な宮殿や広場が広がります。中国の皇室文化と建築技術の精華を見ることができ、世界遺産にも登録されています。,/images/tourist_spot/170.jpg
171,48,天安門広場,世界最大の広場の一つで、中華人民共和国の首都北京のシンボルです。広場の北には毛沢東の肖像画が掲げられた天安門があり、南には人民英雄記念碑や毛主席記念堂が建っています。かつて多くの歴史的事件の舞台となり、現在は国旗掲揚・降納式が観光客に人気で、中国の政治と歴史の中心地です。,/images/tourist_spot/171.jpg
172,48,天壇（てんだん）,明・清の皇帝が五穀豊穣を天に祈る祭祀を行った場所で、世界遺産に登録されています。古代中国の宇宙観「天円地方（天は円、地は方）」に基づき、北が円形、南が方形の敷地を持ちます。青い瑠璃瓦の丸屋根が美しい祈年殿と、冬至に祭天を行った圜丘壇が主要な建築物で、その神秘的な空間はパワースポットとしても知られます。,/images/tourist_spot/172.jpg
173,48,頤和園（いわえん）,北京郊外にある広大な皇室庭園で、清王朝の歴代皇帝が避暑地や離宮として利用しました。昆明湖と万寿山を中心に構成され、杭州の西湖を模した優美な景観が特徴です。特に、西太后が海軍の予算を流用して造らせたという大理石の船や、長い渡り廊下長廊が見どころで、世界遺産に登録されています。,/images/tourist_spot/173.jpg
174,49,兵馬俑（へいばよう）,"中国を初めて統一した秦の始皇帝の陵墓の東側に埋められていた、約8,000体にも及ぶ等身大の陶製の兵士や馬の像です。紀元前3世紀に作られ、一体ずつ表情や髪型が異なり、当時の軍隊の様子をリアルに再現しています。世界遺産にも登録されたこの古代の軍団は、その壮大なスケールで見る者を圧倒します。",/images/tourist_spot/174.jpg
175,49,大雁塔（だいがんどう）,西安市内にある慈恩寺の境内に立つ、唐代の652年に建立された七重の仏塔です。三蔵法師として知られる玄奘が、インドから持ち帰った大量の仏教経典や仏像を保存・翻訳するために建設を上奏しました。仏教の歴史において重要な役割を果たし、現在も最上階からは西安市街を一望できます。,/images/tourist_spot/175.jpg
176,49,西安城壁,明の時代に建設された、現存する中国の城壁の中で最も完全に保存されている巨大な城壁です。周囲約14kmの長方形で、西安の旧市街をぐるりと囲んでいます。城壁の上は広く整備されており、レンタサイクルで一周したり、散策しながら城内の歴史的な街並みや城外の現代的な風景を楽しむことができます。,/images/tourist_spot/176.jpg
177,49,イスラム教徒街,西安の中心地にある、回族（中国のイスラム教徒）の人々が集まる活気あるストリートです。イスラム教徒向けの食堂や屋台が軒を連ね、西安名物の肉夾饃（ロージャーモー）や羊肉泡饃（ヤンロウパオモー）などのハラルグルメを楽しめます。独特な建築様式と食文化が混ざり合い、異国情緒あふれる賑わいを見せています。,/images/tourist_spot/177.jpg
178,50,外灘（ワイタン）,黄浦江沿いにある、上海を代表する景観スポットです。西岸には、20世紀初頭に列強各国が建てた銀行や商館などの西洋式建築が立ち並び、**「万国建築博覧会」**と呼ばれます。対岸の浦東新区には、東方明珠テレビ塔などの近未来的な超高層ビルがそびえ、歴史と現代のコントラストが美しい夜景で特に有名です。,/images/tourist_spot/178.jpg
179,50,東方明珠（とうほうめいじゅ）テレビ塔,黄浦江の浦東地区に立つ、高さ468mのランドマークタワーです。大小の真珠が連なったような斬新なデザインが特徴で、上海の発展を象徴する存在です。展望台からは、外灘の歴史的建造物群と浦東の摩天楼群を一望できます。夜のライトアップは幻想的で、上海の夜景に欠かせない要素となっています。,/images/tourist_spot/179.jpeg
180,50,豫園（よえん）,上海の中心にある、明代の高級官僚が両親のために造った中国古典庭園です。400年以上の歴史を持ち、石橋、池、築山、あずまやなどが調和した江南様式の美しい造形が特徴です。隣接する豫園商城では、中国伝統建築の商店街でショッピングや上海名物の小籠包などのグルメを楽しめ、伝統的な雰囲気が味わえます。,/images/tourist_spot/180.jpg
181,50,上海博物館,人民広場に面して建つ、中国古代美術の傑作を収蔵・展示する大規模な博物館です。上部が円形、下部が方形という「天円地方」の古代中国の宇宙観を反映した特徴的な外観を持ちます。青銅器、陶磁器、書画など、中国の悠久の歴史と文化を物語る12万点以上の貴重な文物を鑑賞できます。入場は無料です。,/images/tourist_spot/181.jpg
182,50,新天地,1920年代に建てられた上海の伝統的な集合住宅**「石庫門(せきこもん)」**を、外観はそのままに内部をリノベーションした、おしゃれな複合商業施設です。古い歴史的な建物の中に、モダンなレストラン、カフェ、バー、ブティックが集まり、独特の雰囲気を醸し出しています。上海のレトロとモダンが融合した洗練されたエリアです。,/images/tourist_spot/182.jpeg
183,51,エルミタージュ美術館,世界三大美術館の一つに数えられる、サンクトペテルブルクの至宝です。ロマノフ朝の歴代皇帝の宮殿だった冬の宮殿を本館とし、豪華絢爛な内装そのものが芸術作品となっています。エカテリーナ2世のコレクションを基に、レオナルド・ダ・ヴィンチやレンブラントなど、西洋美術の膨大な傑作を約300万点所蔵しています。,/images/tourist_spot/183.jpg
184,51,血の上の救世主教会(スパース・ナ・クラヴィー),"皇帝アレクサンドル2世が暗殺された場所に、その血を弔うために建てられた教会です。ロシアの伝統的な教会建築様式が特徴で、モスクワの聖ワシリイ大聖堂に似た玉ねぎ型のドームと、鮮やかな色彩の外観が目を引きます。内部は、壁や天井一面が7,000㎡以上もの壮大なモザイク画で装飾されており、豪華絢爛です。",/images/tourist_spot/184.jpg
185,51,エカテリーナ宮殿,サンクトペテルブルク郊外ツァールスコエ・セローにある、ロシア帝国の夏の離宮です。華麗なバロック様式で、落ち着いた青と白の外壁が美しい宮殿です。宮殿の目玉は、壁一面が琥珀のパネルで装飾された伝説の**「琥珀の間」**。第二次世界大戦で失われましたが、精巧に復元され、世界中の観光客を魅了しています。,/images/tourist_spot/185.jpg
186,51,ネフスキー大通り,サンクトペテルブルクのメインストリートであり、市の中心を斜めに貫く約4.5kmの目抜き通りです。宮殿や教会、デパート、劇場などが立ち並び、街の歴史と活気が凝縮されています。この大通りを散策すれば、カザン大聖堂や血の上の救世主教会など、主要な観光名所や歴史的建造物にアクセスできます。,/images/tourist_spot/186.jpg
187,52,赤の広場,モスクワの中心に位置し、クレムリンの東壁に面した巨大な広場です。「赤」は古語で「美しい」を意味します。クレムリンと共に世界遺産に登録されており、歴史的な国家行事の舞台となってきました。広場の周囲には、聖ワシリイ大聖堂、レーニン廟、グム百貨店など、ロシアの象徴的な建物が集まっています。,/images/tourist_spot/187.jpg
188,52,クレムリン,モスクワ川沿いにある、ロシアの政治的・歴史的な中心地です。周囲約2.25kmの赤レンガの城壁と20の塔に囲まれた城塞で、現在はロシア連邦大統領府が置かれています。敷地内には、歴代皇帝の戴冠式が行われたウスペンスキー大聖堂や、宝物が収められた武器庫などがあり、歴史の重みを感じられます。,/images/tourist_spot/188.jpg
189,52,聖ワシリイ大聖堂,赤の広場の南側に建つ、モスクワで最も象徴的な正教の大聖堂です。16世紀にイワン雷帝の命で建設され、タマネギ型のドームがひしめき合うカラフルで独特な外観が特徴です。左右対称ではない複雑な構造をしており、おとぎ話に出てくるような幻想的な姿で、多くの観光客を魅了しています。,/images/tourist_spot/189.jpg
190,52,モスクワ地下鉄,単なる交通手段ではなく、「地下の宮殿」と呼ばれる世界的に有名な地下鉄です。初期に建設された駅の多くは、ソビエト連邦の栄光を象徴する豪華な内装が施されており、44もの駅がロシアの文化遺産に登録されています。大理石の壁、ブロンズ像、モザイク画、シャンデリアなど、各駅が独自の芸術作品となっています。,/images/tourist_spot/190.jpg
191,52,トレチャコフ美術館,モスクワにあるロシア美術専門の国立美術館です。実業家パーヴェル・トレチャコフのコレクションを基に設立され、イリヤ・レーピン、イワン・クラムスコイなど、11世紀から現代に至るまでのロシアの画家たちの傑作を網羅的に所蔵しています。ロシアの歴史や文化を芸術を通して深く理解できる場所です。,/images/tourist_spot/191.jpg
192,53,景福宮,"朝鮮王朝の正宮であり、ソウルにある五大王宮の中で最大規模を誇ります。広大な敷地内に、優雅で壮麗な建築物が立ち並び、朝鮮時代の王室文化や歴史を体感できます。特に、正門である光化門前で行われる衛兵交代式は必見。チマチョゴリ（韓服）を着て散策する観光客が多く、伝統的な雰囲気を楽しめます。",/images/tourist_spot/192.jpeg
193,53,Nソウルタワー,ソウル市街の中心、南山（ナムサン）の山頂に立つ、ソウルのシンボルタワーです。高さ236.7mの展望台からは、ソウル市内を360度見渡すことができ、特に美しい夜景で知られています。周辺には「愛の南京錠」を掛けるフェンスや、ロマンチックな散策路があり、カップルにも人気のスポットです。,/images/tourist_spot/193.png
194,53,明洞,韓国コスメやファッション、グルメが集まるソウル随一の繁華街です。メインストリートには、大型コスメ店やブランドショップ、屋台が軒を連ね、常に活気に満ちています。最新のトレンドをチェックできるショッピングのメッカであり、両替所やホテルも多く、観光拠点としても非常に便利です。,/images/tourist_spot/194.jpg
195,53,東大門デザインプラザ（DDP）,世界的な建築家ザハ・ハディッド氏が設計した、流線形の斬新なデザインが特徴的な複合文化施設です。ファッション、デザイン、アートを融合させた空間で、企画展やイベントが開催されます。夜には外観のライトアップも美しく、東大門のファッション街と合わせて、ソウルの「今」を感じられるスポットです。,/images/tourist_spot/195.jpg
196,53,北村韓屋村,景福宮と昌徳宮の間に位置し、朝鮮時代に王族や高級官僚が住んでいた伝統的な韓国の家屋「韓屋(ハノク)」が密集するエリアです。古き良き石畳の路地に韓屋が並ぶ景観は「北村八景」として知られ、タイムスリップしたような雰囲気を楽しめます。一部はカフェや工房として利用されていますが、現在も住民が生活しています。,/images/tourist_spot/196.jpeg
197,54,海雲台ビーチ,釜山を代表する韓国最大級のビーチリゾートです。約1.5kmにわたって広がる美しい白砂の海岸線には、高層ホテルやレストランが立ち並び、国際的なリゾート地として賑わいます。夏は海水浴客で溢れ、冬は海辺の散策を楽しむ人が多く、一年を通じて釜山のダイナミックな雰囲気を感じられます。,/images/tourist_spot/197.jpg
198,54,甘川文化村,朝鮮戦争の避難民が集落を作った後、芸術家たちが再生させた丘の中腹にある村です。「釜山のマチュピチュ」とも呼ばれ、カラフルな家々が階段状に密集し、狭い路地には壁画やユニークなアート作品が点在しています。迷路のような街並みを散策しながら、写真撮影を楽しむ観光客で賑わいます。,/images/tourist_spot/198.jpg
199,54,チャガルチ市場,釜山の南浦洞にある韓国最大級の海産物市場です。「オイソ！ボイソ！サイソ！」（来なさい！見なさい！買いなさい！）という威勢の良い掛け声が響き、新鮮な魚介類が所狭しと並びます。市場内で購入した魚介類を、その場で刺身や海鮮料理として味わえる食堂もあり、活気あふれる市場の雰囲気を満喫できます。,/images/tourist_spot/199.jpg
200,54,国際市場,朝鮮戦争後に自然発生した闇市から発展した、歴史を持つ大規模な常設市場です。様々な海外の商品を扱っていたことから「国際市場」と名付けられました。衣料品、雑貨、食料品などあらゆるものが売られており、映画の舞台にもなりました。庶民の活気を感じながら、迷路のような路地でのショッピングを楽しめます。,/images/tourist_spot/200.jpg
201,55,城山日出峰,済州島の東端にある、海底火山の噴火でできた巨大な火砕丘です。標高180mの頂上には直径600mの大きな噴火口があり、その景観の雄大さから、ユネスコ世界自然遺産に登録されています。特に頂上から眺める日の出は絶景として知られ、済州十景の中でも最も素晴らしいと称されています。,/images/tourist_spot/201.jpg
202,55,ハルラ山,"済州島の中心にそびえる韓国最高峰（標高1,950m）の休火山です。多様な植生と固有種を持つことで知られ、その自然の価値から世界自然遺産に登録されています。四季折々の美しい景色を楽しめる登山コースがあり、頂上には火口湖「白鹿潭（ペンノクタム）」があります。入山には事前予約が必要です。",/images/tourist_spot/202.jpg
203,55,トルハルバン,済州島のシンボル的存在である、火山岩で造られた守護神的な石像です。「石のおじいさん」という意味を持ち、大きな目と団子鼻、伝統的な帽子が特徴です。元々は村の入口などに立てられ、守護神や道標の役割を果たしていました。現在は島内の至る所で見られ、お土産としても人気があります。,/images/tourist_spot/203.jpeg
204,55,万丈窟,ユネスコ世界自然遺産に登録されている「済州の火山島と溶岩洞窟群」の一部であり、世界でも珍しい大規模な溶岩洞窟です。総延長は約7.4kmで、幅最大23m、高さ最大30mの壮大なスケールを誇ります。洞窟内には溶岩流線や溶岩石柱、溶岩鍾乳石などの貴重な地形が見られ、自然の力を感じさせます。,/images/tourist_spot/204.jpg